CALL_SIGN,ETD_TIME,VESSEL_MAX_DRAFT,ATA_TIME,ETA_TIME,FLAG,VESSEL_NAME,NEXT_PORT,LAST_PORT,BERTH,SHIP_TYPE,PASI,ATD_TIME,CURRENT_LOCATION,AGENT_NAME
BPIU9,2025/05/12 11:43,6,2025/05/14 19:01,2025/05/14 17:00,CHINA,HONG JING,"DONGGUAN, GD","DONGGUAN, GD",SHELL,LIQUIFIED PETROLEUM GAS TANKER,RCVD,2025/05/12 19:53,SHELL,S5 ASIA LIMITED
V7A6349,2025/05/15 10:11,7.7,2025/05/14 19:07,2025/05/14 17:00,MARSHALL ISLANDS,TS SURABAYA,"SHEKOU, SHENZHEN","NANSHA, PANYU",KC6,CONTAINER,RCVD,2025/05/15 08:55,KC6,T.S. LINES LIMITED
3EUL8,2025/05/15 18:00,10.3,2025/05/14 19:08,2025/05/14 21:00,PANAMA,EVER BIRTH,"YANTIAN, SHENZHEN",KUANTAN,KC7,CONTAINER,RCVD,2025/05/15 08:27,KC7,EVERGREEN MARINE (HONG KONG) LTD
VRFQ5,2025/05/15 22:00,8.6,2025/05/14 20:25,2025/05/14 22:00,"HONG KONG, CHINA",OCEAN DUKE,PORT HEDLAND,"LUOYUAN, FJ",SELA,BULK/ WOODCHIP/ CEMENT/ ORE CARRIER,RCVD,2025/05/15 08:06,SELA,SGS HONG KONG LIMITED
V7PS7,2025/05/15 08:00,11.5,2025/05/14 22:59,2025/05/14 21:30,MARSHALL ISLANDS,HYUNDAI FAITH,QINGDAO,SINGAPORE,KC5,CONTAINER,RCVD,2025/05/15 07:59,KC5,HMM (HONG KONG) LIMITED
3FDY9,2025/05/15 08:30,9.4,2025/05/14 23:01,2025/05/14 21:30,PANAMA,KMTC GWANGYANG,HO CHI MINH CITY,ULSAN,KC9,CONTAINER,RCVD,2025/05/15 08:58,KC9,KMTC (HK) CO LIMITED
9HA5502,2025/05/13 13:00,13.3,2025/05/15 00:05,2025/05/12 21:00,MALTA,CMA CGM DIGNITY,"NINGBO, ZJ",BUSAN,SELA,CONTAINER,RCVD,2025/05/15 00:07,S,CMA CGM (HONG KONG) LIMITED
3E4122,2025/05/15 23:55,6.9,2025/05/15 03:02,2025/05/15 06:00,PANAMA,SHOKAI ,VUNGTAU,"OTHER, CHINA (COAST)",SLA,"TANKER (CRUDE,FUEL,DIESEL,LUB)",RCVD,2025/05/15 13:02,SLA,INCHCAPE SHIPPING SERVICES (HK) LTD
9V6015,2025/05/15 10:30,9.7,2025/05/15 03:07,2025/05/15 01:00,SINGAPORE,MAERSK QINZHOU,KEELUNG,DANANG,KC19,CONTAINER,RCVD,2025/05/15 12:38,KC,PENAVICO (HONG KONG) LIMITED
3FXG8,2025/05/15 13:00,7.6,2025/05/15 06:03,2025/05/14 07:00,PANAMA,FENGYUNHE,"QINZHOU, GX","YANTIAN, GD",KC10,CONTAINER,RCVD,2025/05/15 11:56,KC10,COSCO SHIPPING CONTAINER LINE AGENCIES LIMITED
VRFO2,2025/05/15 20:00,10.3,2025/05/15 06:47,2025/05/15 05:30,"HONG KONG, CHINA",MAERSK NINGBO,BRISBANE,"SHANGHAI, SH",KC19,CONTAINER,RCVD,2025/05/15 20:24,WA,SINOTRANS (HK) SHIPPING LTD
VRVS3,2025/05/16 10:00,11.5,2025/05/15 07:29,2025/05/15 09:00,"HONG KONG, CHINA",COSCO SHIPPING BRAZIL,"TIANJIN XINGANG, TJ",SINGAPORE,KC14,CONTAINER,RCVD,2025/05/16 00:01,ELC,COSCO SHIPPING CONTAINER LINE AGENCIES LIMITED
5LHO2,2025/05/15 15:00,9.3,2025/05/15 07:48,2025/05/15 06:30,LIBERIA,AVIOS,"SHANGHAI, SH",LAEM CHABANG,KC4,CONTAINER,RCVD,2025/05/15 20:23,PT,SINOTRANS (HK) SHIPPING LTD
VRAB8,2025/05/15 18:00,9.8,2025/05/15 09:44,2025/05/15 06:00,"HONG KONG, CHINA",CSCL ASIA,"NINGBO, ZJ","DALIAN, LN",KC13,CONTAINER,RCVD,2025/05/15 20:03,E,COSCO SHIPPING CONTAINER LINE AGENCIES LIMITED
BQXZ,2025/05/15 15:00,7.1,2025/05/15 09:58,2025/05/15 09:00,CHINA,HAI SU 6,"SHEKOU, SHENZHEN","SHANTOU, GD",CMTY,CONTAINER,RCVD,2025/05/15 13:33,E,SINOTRANS (HK) SHIPPING LTD
V7A7425,2025/05/15 11:08,7.4,2025/05/15 10:16,2025/05/15 09:00,MARSHALL ISLANDS,TS PUSAN,"XINGANG, TIANJIN, TJ",MANILA,KC7,CONTAINER,RCVD,2025/05/16 02:36,E,T.S. LINES LIMITED
VRSL6,2025/05/15 22:00,10,2025/05/15 10:24,2025/05/15 08:30,"HONG KONG, CHINA",LAUTOKA CHIEF,LAE,"NANSHA, PANYU",KC2,CONTAINER,RCVD,2025/05/15 20:32,S,WALLEM SHIPPING (HK) LTD
3E4035,2025/05/16 09:00,7,2025/05/15 19:07,2025/05/15 14:30,PANAMA,GREEN POWER,GERALDTON,"ZHUHAI, GD",SELA,BULK/ WOODCHIP/ CEMENT/ ORE CARRIER,RCVD,2025/05/16 01:12,W,GULF AGENCY CO (HK) LTD
3E7638,2025/05/15 23:00,7,2025/05/15 21:07,2025/05/16 00:00,PANAMA,HONG DA XIN 758,"ZHUHAI, GD","NANSHA, PANYU",SWLA,CONTAINER,RCVD,2025/05/15 21:12,W,CONCORD MARINE LIMITED
BOAM7,2025/05/11 00:00,6.6,2025/05/10 15:49,2025/05/10 14:30,CHINA,ZHONG GU DONG HAI,HAIPHONG,OPEN SEA,KC6,CONTAINER,RCVD,2025/05/10 22:28,S,PENAVICO (HONG KONG) LIMITED
VRTT8,2025/05/16 14:30,9.05,2025/05/09 15:39,2025/05/16 03:30,"HONG KONG, CHINA",NICOLAI MAERSK,KAOHSIUNG,"NANSHAN, SHENZHEN",KC19,CONTAINER,RCVD,2025/05/10 03:06,KC17,SINOTRANS (HK) SHIPPING LTD
3FMG7,2025/05/14 23:00,12.8,2025/05/13 18:56,2025/05/13 17:30,PANAMA,TEXAS TRIUMPH,"YANTIAN, SHENZHEN",KAOHSIUNG,KC8,CONTAINER,RCVD,2025/05/14 12:41,KC8,EVERGREEN MARINE (HONG KONG) LTD
3E6682,2025/05/14 04:00,7,2025/05/12 07:36,2025/05/13 00:00,PANAMA,CHANG SHENG JI 7,KAOHSIUNG,"SHANGHAI, SH",SELA,GENERAL / HEAVY LIFT CARGO,RCVD,2025/05/12 07:37,W,CONCORD MARINE LIMITED
BLIG,2025/05/14 09:00,8.5,2025/05/13 20:59,2025/05/13 20:00,"TAIWAN, CHINA",YM HARMONY,HAIPHONG,KAOHSIUNG,KC14,CONTAINER,RCVD,2025/05/14 07:00,KC14,YANG MING LINE (HONG KONG) LTD
DSOA9,2025/05/14 12:00,9.4,2025/05/13 22:24,2025/05/12 14:00,REPUBLIC OF KOREA,KMTC SINGAPORE,KEELUNG,LAEM CHABANG,KC12,CONTAINER,RCVD,2025/05/14 05:11,WA,KMTC (HK) CO LIMITED
VREU8,2025/05/14 23:59,8.7,2025/05/13 23:02,2025/05/11 09:00,"HONG KONG, CHINA",SC LIAONING,SINGAPORE,DAESAN,SLA,"TANKER (CRUDE,FUEL,DIESEL,LUB)",RCVD,2025/05/14 15:11,SHELL,GULF AGENCY CO (HK) LTD
A8VG2,2025/05/14 10:00,10.7,2025/05/13 23:14,2025/05/13 23:00,LIBERIA,GSL AFRICA,"SHANGHAI, SH",LAEM CHABANG,KC18,CONTAINER,RCVD,2025/05/14 09:40,KC18,ZIM INTEGRATED SHIPPING AGENCIES (HK) LIMITED
A8SN5,2025/05/14 12:00,10.7,2025/05/13 23:41,2025/05/13 23:00,LIBERIA,ANL WAIKATO ,"SHEKOU, SHENZHEN","NINGBO, ZJ",KC7,CONTAINER,RCVD,2025/05/14 11:54,KC7,CMA CGM (HONG KONG) LIMITED
BQMV,2025/05/14 12:00,6.4,2025/05/14 00:19,2025/05/13 23:00,CHINA,FU LIAN,QINGDAO,HAIPHONG,KC7,GENERAL / HEAVY LIFT CARGO,RCVD,2025/05/14 04:34,ELC,COSCO SHIPPING CONTAINER LINE AGENCIES LIMITED
VRWN4,2025/05/14 23:00,10.3,2025/05/14 00:40,2025/05/14 02:00,"HONG KONG, CHINA",OOCL SAN FRANCISCO,SINGAPORE,KAOHSIUNG,KC,CONTAINER,RCVD,2025/05/14 12:59,KC,OOCL HONG KONG BRANCH
VRUN4,2025/05/14 21:00,13.2,2025/05/14 01:44,2025/05/14 00:01,"HONG KONG, CHINA",ONE AMAZON,"SHANGHAI, SH",SINGAPORE,KC5,CONTAINER,RCVD,2025/05/14 21:17,KC5,OCEAN NETWORK EXPRESS (EAST ASIA) LIMITED
9WUY7,2025/05/14 21:30,8,2025/05/14 02:34,2025/05/14 07:00,MALAYSIA,HARBOUR HORIZON,KUCHING,"NANSHA, PANYU",KC2,CONTAINER,RCVD,2025/05/14 22:59,SELA,HARBOUR-LINK LINES LIMITED 
H3YG,2025/05/14 23:00,8.8,2025/05/14 03:08,2025/05/13 22:00,PANAMA,UNI-PREMIER,KOTA KINABALU,KAOHSIUNG,KC,CONTAINER,RCVD,2025/05/14 17:58,KC,EVERGREEN MARINE (HONG KONG) LTD
3E5147,2025/05/14 15:00,7.5,2025/05/14 04:16,2025/05/14 04:00,PANAMA,SEA MAPLE,OPEN SEA,"FANGCHENG, GX",SWLA,BULK/ WOODCHIP/ CEMENT/ ORE CARRIER,RCVD,2025/05/14 16:05,SWLA,CGW LOGISTICS CO LIMITED
VRCY6,2025/05/14 23:00,9.2,2025/05/14 05:32,2025/05/13 03:00,"HONG KONG, CHINA",SEASPAN YINGKOU,"DALIAN, LN","NINGBO, ZJ",KC10,CONTAINER,RCVD,2025/05/14 17:08,KC10,EVERGREEN MARINE (HONG KONG) LTD
3E2170,2025/05/14 18:00,8.31,2025/05/14 07:30,2025/05/14 09:00,PANAMA,APOLLO FIRST,OPEN SEA,YAWATA,SELA,GENERAL / HEAVY LIFT CARGO,RCVD,2025/05/14 10:04,PT,VEROSA AGENCY LIMITED
5LSI3,2025/05/15 10:13,14.5,2025/05/14 08:57,2025/05/14 07:44,LIBERIA,POST MARVEL,SINGAPORE,PRINCE RUPERT,SELA,BULK/ WOODCHIP/ CEMENT/ ORE CARRIER,RCVD,2025/05/14 19:10,E,TOTAL MARINE AGENCY LIMITED
CQIU6,2025/05/14 17:30,7.5,2025/05/14 09:16,2025/05/11 11:00,PORTUGAL,AS COLUMBIA,LAEM CHABANG,"NANSHA, PANYU",KC17,CONTAINER,RCVD,2025/05/14 18:04,S,SINOTRANS (HK) SHIPPING LTD
HP9499,2025/05/14 23:00,5.8,2025/05/14 09:20,2025/05/14 06:00,PANAMA,HOLLY DEVELOPER,NAKHODKA,"ZHANJIANG, GD",SELA,BULK/ WOODCHIP/ CEMENT/ ORE CARRIER,RCVD,2025/05/14 15:17,W,SGS HONG KONG LIMITED
3E7558,2025/05/15 18:43,7.2,2025/05/14 09:26,2025/05/14 10:00,PANAMA,MARINA ARUNG,"DONGGUAN, GD","OTHER, CHINA (COAST)",SLA,CHEMICAL,RCVD,2025/05/15 18:44,SLA,WALLEM SHIPPING (HK) LTD
V7A5825,2025/05/15 09:34,8.8,2025/05/14 09:51,2025/05/15 13:30,MARSHALL ISLANDS,TS GUANGZHOU,"SHEKOU, SHENZHEN","SHEKOU, SHENZHEN",KC6,CONTAINER,RCVD,2025/05/14 18:00,S,T.S. LINES LIMITED
VRSK4,2025/05/15 18:00,13.8,2025/05/14 09:53,2025/05/12 00:01,"HONG KONG, CHINA",COSCO SHIPPING LOTUS,"YANTIAN, SHENZHEN",KAOHSIUNG,KC14,CONTAINER,RCVD,2025/05/14 21:26,WL,COSCO SHIPPING CONTAINER LINE AGENCIES LIMITED
D7QB,2025/05/14 18:30,10.2,2025/05/14 10:25,2025/05/14 03:00,REPUBLIC OF KOREA,HEUNG-A BANGKOK,"SHANGHAI, SH",PENANG ISLAND,KC9,CONTAINER,RCVD,2025/05/14 20:59,S,KONG HING AGENCY LTD
V7AQ9,2025/05/15 10:14,11,2025/05/14 11:27,2025/05/14 12:00,MARSHALL ISLANDS,GENCO RELIANCE,OPEN SEA,"OTHER, CHINA (COAST)",SELA,BULK/ WOODCHIP/ CEMENT/ ORE CARRIER,RCVD,2025/05/15 14:49,E,WILHELMSEN PORT SERVICES (HONG KONG) LIMITED
3E7431,2025/05/15 14:00,7.3,2025/05/14 12:59,2025/05/13 18:00,PANAMA,HUI YUAN,"TABONEO, INDONESIA",HUIZHOUGANG,SELA,BULK/ WOODCHIP/ CEMENT/ ORE CARRIER,RCVD,2025/05/14 16:56,E,SGS HONG KONG LIMITED
5BCK2,2025/05/13 11:00,6.72,2025/05/13 04:31,2025/05/12 08:00,CYPRUS,MEGALOHARI,OPEN SEA,"CHAOZHOU, GD",SELA,BULK/ WOODCHIP/ CEMENT/ ORE CARRIER,RCVD,2025/05/13 08:25,SELA,"UNITRANS AGENCY HONG KONG CO., LIMITED"
3EJI7,2025/05/13 02:00,5.44,2025/05/12 19:01,2025/05/12 18:00,PANAMA,ZAMBALES,HAIPHONG,TAIPEI,CMTY,RORO/REEFER CARRIER,RCVD,2025/05/13 01:56,S,EASTERN WORLDWIDE CO LTD
9HA5839,2025/05/12 21:30,9.02,2025/05/12 19:15,2025/05/12 07:00,MALTA,CNC PUMA,"TIANJIN XINGANG, TJ","OTHER, VIETNAM",URMA,CONTAINER,RCVD,2025/05/12 19:16,WL,CMA CGM ASIA SHIPPING PTE. LTD.
VRWI3,2025/05/13 12:00,11.5,2025/05/12 23:10,2025/05/15 20:00,"HONG KONG, CHINA",OOCL BAUHINIA,"YANTIAN, SHENZHEN","YANTIAN, SHENZHEN",KC14,CONTAINER,RCVD,2025/05/13 15:13,KC14,OOCL HONG KONG BRANCH
D7VN,2025/05/13 17:00,12.5,2025/05/12 23:16,2025/05/12 21:00,REPUBLIC OF KOREA,KMTC COLOMBO,QINGDAO,KARACHI,KC8,CONTAINER,RCVD,2025/05/13 16:59,KC8,KMTC (HK) CO LIMITED
VRUN6,2025/05/13 21:00,14.6,2025/05/13 00:30,2025/05/11 21:00,"HONG KONG, CHINA",ONE PARANA,SINGAPORE,"NINGBO, ZJ",KC2,CONTAINER,RCVD,2025/05/13 20:44,KC2,OCEAN NETWORK EXPRESS (EAST ASIA) LIMITED
3E8732,2025/05/13 08:00,7.1,2025/05/13 00:31,2025/05/12 23:00,PANAMA,HUI FENG HAI 17,BATAM,"TIANJIN XINGANG, TJ",SWLA,GENERAL / HEAVY LIFT CARGO,RCVD,2025/05/13 10:00,SWLA,CGW LOGISTICS CO LIMITED
9V6494,2025/05/13 18:00,11.1,2025/05/13 01:24,2025/05/12 23:59,SINGAPORE,WAN HAI 325,KAOHSIUNG,SINGAPORE,KC6,CONTAINER,RCVD,2025/05/13 19:41,KC6,HYALINE SHIPPING (HK) CO LTD
VRMV2,2025/05/13 08:00,6.3,2025/05/13 02:14,2025/05/12 18:00,"HONG KONG, CHINA",YUEHAI STAR,"JIANGYIN, JS","DONGGUAN, GD",SLA,CHEMICAL,RCVD,2025/05/13 07:29,SLA,CGW LOGISTICS CO LIMITED
V7A2844,2025/05/13 13:00,7.6,2025/05/13 02:18,2025/05/13 06:00,MARSHALL ISLANDS,STAR EXPLORER,HAIPHONG,INCHEON,KC10,CONTAINER,RCVD,2025/05/13 12:56,KC10,NAMSUNG SHIPPING HONG KONG LIMITED
BLHP,2025/05/13 23:59,8.4,2025/05/13 02:24,2025/05/13 02:00,"TAIWAN, CHINA",YM IMMENSE,KAOHSIUNG,HO CHI MINH CITY,KC7,CONTAINER,RCVD,2025/05/13 10:57,KC7,YANG MING LINE (HONG KONG) LTD
9VFL3,2025/05/13 21:00,10,2025/05/13 04:06,2025/05/12 16:00,SINGAPORE,ACX DIAMOND,PORT KELANG,KEELUNG,KC5,CONTAINER,RCVD,2025/05/13 16:43,KC5,OCEAN NETWORK EXPRESS (EAST ASIA) LIMITED
3E5137,2025/05/13 11:00,5,2025/05/13 06:08,2025/05/10 23:00,PANAMA,CHUNRONG 803,"YANGJIANG, GD","NANSHA, PANYU",SWLA,GENERAL / HEAVY LIFT CARGO,RCVD,2025/05/13 09:28,SWLA,CGW LOGISTICS CO LIMITED
VRBK8,2025/05/13 08:00,6.8,2025/05/13 07:24,2025/05/12 20:00,"HONG KONG, CHINA",OSG BOSSTEC,OPEN SEA,"SHEKOU, SHENZHEN",PT,CONTAINER,RCVD,2025/05/13 14:48,FL,"UNITRANS AGENCY HONG KONG CO., LIMITED"
9LU2481,2025/05/13 16:00,6.2,2025/05/13 07:26,2025/05/11 23:59,SIERRA LEONE,LIAN YUN 9,"QUANZHOU, FJ",TANJUNG PANDANG,SWLA,GENERAL / HEAVY LIFT CARGO,RCVD,2025/05/13 11:45,S,BRIGHT CAPITAL SHIPPING CO LIMITED
S6ST,2025/05/13 18:00,4.9,2025/05/13 08:34,2025/05/13 07:00,SINGAPORE,KOTA RATU,"HUANGPU, GD",KOROR,KC3,CONTAINER,RCVD,2025/05/13 14:55,PT,PACIFIC INTERNATIONAL LINES (HK) LTD
3E7671,2025/05/13 23:00,7.6,2025/05/13 08:36,2025/05/13 23:00,PANAMA,FU LONG SHENG,BINTULU,"BAYUQUAN, LN",SELA,GENERAL / HEAVY LIFT CARGO,RCVD,2025/05/13 12:57,E,CONCORD MARINE LIMITED
BPAR,2025/05/13 21:30,11,2025/05/13 09:14,2025/05/13 09:00,CHINA,XIN QING DAO,"XIAMEN, FJ",LAEM CHABANG,KC12,CONTAINER,RCVD,2025/05/13 18:31,S,COSCO SHIPPING CONTAINER LINE AGENCIES LIMITED
9V7978,2025/05/13 23:00,12.7,2025/05/13 10:20,2025/05/13 09:00,SINGAPORE,EVER FUTURE,"SHANGHAI, SH",SINGAPORE,KC10,CONTAINER,RCVD,2025/05/14 03:23,S,EVERGREEN MARINE (HONG KONG) LTD
5LES7,2025/05/13 23:00,9.1,2025/05/13 10:28,2025/05/13 09:00,LIBERIA,EVER ORIGIN,"SHEKOU, SHENZHEN",HO CHI MINH CITY,KC7,CONTAINER,RCVD,2025/05/13 19:54,S,EVERGREEN MARINE (HONG KONG) LTD
9V7381,2025/05/12 08:00,10.6,2025/05/11 22:46,2025/05/11 20:00,SINGAPORE,WAN HAI 353,TAICHUNG,BUSAN,KC13,CONTAINER,RCVD,2025/05/12 11:56,KC13,HYALINE SHIPPING (HK) CO LTD
3EKO7,2025/05/13 08:21,11.83,2025/05/11 23:08,2025/05/11 01:00,PANAMA,GEMINI PEARL,"OTHER, VIETNAM","OTHER, KOREA, R",EMTY,CHEMICAL,RCVD,2025/05/12 14:54,EMTY,MARITIME TRANSPORT AGENCY (HONG KONG) LIMITED
D7SB,2025/05/12 09:00,9.9,2025/05/12 01:16,2025/05/12 00:01,REPUBLIC OF KOREA,DONGJIN VOYAGER,HAIPHONG,"SHANGHAI, SH",KC18,CONTAINER,RCVD,2025/05/12 08:34,KC18,SINOTRANS (HK) SHIPPING LTD
D5TI7,2025/05/12 18:00,7.1,2025/05/12 01:20,2025/05/11 23:30,LIBERIA,HONG RUN 6,"OTHER, RUSSIAN","OTHER, CHINA (COAST)",SWLA,BULK/ WOODCHIP/ CEMENT/ ORE CARRIER,RCVD,2025/05/12 06:41,SWLA,P. M. S. HONG KONG LIMITED
3E5352,2025/05/12 18:00,8.9,2025/05/12 01:24,2025/05/11 23:00,PANAMA,SKY CHALLENGE,"SHEKOU, SHENZHEN",PUSAN,KC11,CONTAINER,RCVD,2025/05/12 12:28,KC11,"CK LINE (HONGKONG) CO., LIMITED"
3E2605,2025/05/12 09:00,6.9,2025/05/12 02:00,2025/05/11 23:59,PANAMA,DS EXPRESS 178,OPEN SEA,"ZHENJIANG, JS",SWLA,BULK/ WOODCHIP/ CEMENT/ ORE CARRIER,RCVD,2025/05/12 06:39,SWLA,"UNITRANS AGENCY HONG KONG CO., LIMITED"
DSMA4,2025/05/12 23:00,11.1,2025/05/12 07:38,2025/05/12 02:00,REPUBLIC OF KOREA,KMTC TIANJIN,PORT KELANG,"SHANGHAI, SH",KC6,CONTAINER,RCVD,2025/05/13 00:02,PT,KMTC (HK) CO LIMITED
BRWT,2025/05/12 23:00,7.1,2025/05/12 08:09,2025/05/11 23:00,CHINA,GUANG MAO,GERALDTON,GUANGZHOU,SWLA,BULK/ WOODCHIP/ CEMENT/ ORE CARRIER,RCVD,2025/05/12 13:22,WL,SGS HONG KONG LIMITED
5LPH8,2025/05/13 02:00,14,2025/05/12 08:10,2025/05/12 06:00,LIBERIA,HUMBOLDT EXPRESS,"YANTIAN, GD",VALPARAISO,KC5,CONTAINER,RCVD,2025/05/13 02:59,NCPBW,PENAVICO (HONG KONG) LIMITED
9V8480,2025/05/12 18:00,10.9,2025/05/12 08:16,2025/05/12 06:00,SINGAPORE,KOTA LEKAS,"NANSHA, PANYU","XIAMEN, FJ",KC3,CONTAINER,RCVD,2025/05/12 17:59,WL,PACIFIC INTERNATIONAL LINES (HK) LTD
VRUB8,2025/05/12 23:00,11.6,2025/05/12 08:28,2025/05/12 07:00,"HONG KONG, CHINA",EVER ORDER,"YANTIAN, SHENZHEN","FUQING, FJ",KC7,CONTAINER,RCVD,2025/05/12 18:27,WL,EVERGREEN MARINE (HONG KONG) LTD
V7BQ2,2025/05/12 18:53,9,2025/05/12 08:37,2025/05/11 17:00,MARSHALL ISLANDS,GENCO RESOLUTE,PORT HEDLAND,"DALIAN, LN",SELA,BULK/ WOODCHIP/ CEMENT/ ORE CARRIER,RCVD,2025/05/13 04:13,E,BEN LINE AGENCIES (HK) LTD
3E2779,2025/05/12 14:00,7.5,2025/05/12 09:08,2025/05/11 07:00,PANAMA,DE LONG,SINGAPORE,"DONGGUAN, GD",SWLA,BULK/ WOODCHIP/ CEMENT/ ORE CARRIER,RCVD,2025/05/12 14:20,W,TEXCO MARINE AGENCY LIMITED
5BEB4,2025/05/12 12:00,14.4,2025/05/12 09:14,2025/05/12 05:00,CYPRUS,MARATHASSA,"ZHANJIANG, GD",NEWCASTLE,SELA,BULK/ WOODCHIP/ CEMENT/ ORE CARRIER,RCVD,2025/05/12 16:49,E,WELLS MARINE AGENCIES
3FPF4,2025/05/12 21:00,5.2,2025/05/12 10:14,2025/05/12 10:00,PANAMA,SAZANKA,OPEN SEA,OPEN SEA,SWLA,BULK/ WOODCHIP/ CEMENT/ ORE CARRIER,RCVD,2025/05/12 15:54,S,MOL HONG KONG LIMITED
VRRH2,2025/05/13 18:00,11.9,2025/05/12 10:33,2025/05/12 08:00,"HONG KONG, CHINA",FOREVER GLORY,SINGAPORE,"DALIAN, LN",PAFF,"TANKER (CRUDE,FUEL,DIESEL,LUB)",RCVD,2025/05/13 15:17,PAFF,MARITIME TRANSPORT AGENCY (HONG KONG) LIMITED
3E4026,2025/05/15 23:00,9.1,2025/05/12 12:34,2025/05/12 10:00,PANAMA,STR LUCKY,NAURU ISLAND,MURORAN,CCM,BULK/ WOODCHIP/ CEMENT/ ORE CARRIER,RCVD,2025/05/15 09:59,CCM,GREEN ISLAND SHIPPING AGENCY LTD
3E4003,2025/05/12 15:10,9,2025/05/12 12:44,2025/05/11 12:00,PANAMA,SUNFLYTE,OPEN SEA,"SHEKOU, SHENZHEN",SLA,CHEMICAL,RCVD,2025/05/12 19:19,W,OCEAN BASE CO LTD
V7KN6,2025/05/12 12:00,7,2025/05/12 14:29,2025/05/12 16:00,MARSHALL ISLANDS,ZIRCON,OPEN SEA,"SHEKOU, SHENZHEN",SLA,CHEMICAL,RCVD,2025/05/13 03:47,LKTPBW5,OCEANUS MARITIME COMPANY LIMITED
D5WB7,2025/05/13 09:00,10.5,2025/05/12 17:31,2025/05/12 16:30,LIBERIA,MANET,"SHEKOU, SHENZHEN",PORT KLANG,KC6,CONTAINER,RCVD,2025/05/13 04:02,LKTPBS,OOCL HONG KONG BRANCH
BPRY,2025/05/11 23:00,11.7,2025/05/10 20:05,2025/05/10 18:00,CHINA,HUA HAI 21,"HUANGPU, GD",YANGPU,SINO,"TANKER (CRUDE,FUEL,DIESEL,LUB)",RCVD,2025/05/11 19:51,SINO,VASTON SHIPPING AGENCY LIMITED
XVEQ7,2025/05/11 18:00,7.3,2025/05/10 20:39,2025/05/16 23:30,VIETNAM,HAIAN LINK,"NANSHA, PANYU",HAIPHONG,KC10,CONTAINER,RCVD,2025/05/11 09:28,KC10,MEGATOP AGENCY LIMITED
5LCM6,2025/05/11 15:00,8.6,2025/05/10 22:19,2025/05/10 08:00,LIBERIA,MSC TARA III,"YANTIAN, SHENZHEN",DAVAO,KC2,CONTAINER,RCVD,2025/05/11 06:05,S,MEDITERRANEAN SHIPPING COMPANY (HONG KONG) LIMITED
9HA5092,2025/05/13 08:00,10.7,2025/05/10 23:40,2025/05/11 08:00,MALTA,AFRA ROSSI,SINGAPORE,SINGAPORE,SINO,"TANKER (CRUDE,FUEL,DIESEL,LUB)",RCVD,2025/05/14 02:02,SINO,VASTON SHIPPING AGENCY LIMITED
9V6513,2025/05/11 12:00,9.7,2025/05/11 00:13,2025/05/10 23:00,SINGAPORE,WAN HAI 293,"CHIWAN, SHENZHEN",CAT LAI PORT,WA2,CONTAINER,RCVD,2025/05/11 12:29,KC6,HYALINE SHIPPING (HK) CO LTD
5LFU8,2025/05/12 05:00,8.5,2025/05/11 00:46,2025/05/16 05:30,LIBERIA,WAN HAI 178,"SHEKOU, SHENZHEN",HAIPHONG,KC6,CONTAINER,RCVD,2025/05/11 08:56,KC6,HYALINE SHIPPING (HK) CO LTD
5LCT5,2025/05/12 14:00,9.2,2025/05/11 01:16,2025/05/10 23:00,LIBERIA,AS ANNE,"SHEKOU, SHENZHEN",TAICHUNG,KC11,CONTAINER,RCVD,2025/05/11 05:57,KC11,OOCL HONG KONG BRANCH
BPPH3,2025/05/11 15:00,8.6,2025/05/11 04:07,2025/05/11 04:00,CHINA,GUO SHUN 28,LHOKSOUMAWE,"ZHENJIANG, JS",SWLA,GENERAL / HEAVY LIFT CARGO,RCVD,2025/05/11 09:49,SWLA,CGW LOGISTICS CO LIMITED
3FAT7,2025/05/11 18:00,5.8,2025/05/11 05:42,2025/05/10 18:00,PANAMA,JIAN RUI 7,"OTHER, JAPAN","OTHER, CHINA (COAST)",SWLA,GENERAL / HEAVY LIFT CARGO,RCVD,2025/05/11 08:51,W,EVER WIN INTERNATIONAL SHIPPING CO. LIMITED
3E7593,2025/05/11 14:00,6.5,2025/05/11 07:43,2025/05/10 23:00,PANAMA,TONGYUN12,"OTHER, KOREA, R",DUNG QUAT,SWLA,GENERAL / HEAVY LIFT CARGO,RCVD,2025/05/11 11:37,S,CGW LOGISTICS CO LIMITED
3E7175,2025/05/11 13:00,6.2,2025/05/11 08:20,2025/05/10 23:00,PANAMA,LAN HAI FANG ZHOU,"OTHER, KOREA, R","OTHER, VIETNAM",SELA,GENERAL / HEAVY LIFT CARGO,RCVD,2025/05/11 12:58,S,CGW LOGISTICS CO LIMITED
9M3120,2025/05/11 23:00,8.5,2025/05/11 09:44,2025/05/11 07:00,MALAYSIA,MTT PELEPAS,SIHANOUK VILLE,"NINGBO, ZJ",KC6,CONTAINER,RCVD,2025/05/11 16:04,WL,EVERGREEN MARINE (HONG KONG) LTD
D5ML2,2025/05/11 22:00,10.25,2025/05/11 10:04,2025/05/11 02:00,LIBERIA,KMTC BANGKOK,HO CHI MINH CITY,PUSAN,KC9,CONTAINER,RCVD,2025/05/11 20:57,E,KMTC (HK) CO LIMITED
2IEC6,2025/05/12 15:00,8.67,2025/05/11 15:54,2025/05/11 15:00,ISLE OF MAN,BERGE HENG SHAN,PORT HEDLAND,"SHEKOU, SHENZHEN",SELA,BULK/ WOODCHIP/ CEMENT/ ORE CARRIER,RCVD,2025/05/12 00:46,W,GULF AGENCY CO (HK) LTD
3FTB3,2025/05/10 23:00,6.4,2025/05/09 20:52,2025/05/11 14:30,PANAMA,EVER CLEAR,"SHEKOU, SHENZHEN","SHEKOU, SHENZHEN",WA2,CONTAINER,RCVD,2025/05/10 11:28,KC9,EVERGREEN MARINE (HONG KONG) LTD
9V6516,2025/05/10 08:00,8.8,2025/05/09 22:23,2025/05/11 11:30,SINGAPORE,WAN HAI 295,"SHEKOU, SHENZHEN","SHEKOU, SHENZHEN",KC9,CONTAINER,RCVD,2025/05/10 08:59,KC9,HYALINE SHIPPING (HK) CO LTD
3FDM5,2025/05/11 15:00,7.6,2025/05/10 00:43,2025/05/16 18:00,PANAMA,HOUYOSHI EXPRESS II,YANGPU,YANGPU,PAFF,CHEMICAL,RCVD,2025/05/11 15:25,PAFF,VASTON SHIPPING AGENCY LIMITED
V7A7436,2025/05/11 09:24,8.3,2025/05/10 04:05,2025/05/11 07:30,MARSHALL ISLANDS,TS JOHOR,"SHEKOU, SHENZHEN","SHEKOU, SHENZHEN",KC7,CONTAINER,RCVD,2025/05/10 14:56,KC7,T.S. LINES LIMITED
VRNW3,2025/05/10 16:00,11,2025/05/10 08:19,2025/05/10 08:00,"HONG KONG, CHINA",NEW PEACE,SINGAPORE,ZHOUSHAN,SLA,"TANKER (CRUDE,FUEL,DIESEL,LUB)",RCVD,2025/05/10 13:06,PT,WALLEM SHIPPING (HK) LTD
9LU2780,2025/05/10 20:00,6.9,2025/05/10 08:26,2025/05/10 08:00,SIERRA LEONE,YONG SHUN,OPEN SEA,"OTHER, CHINA (COAST)",SELA,BULK/ WOODCHIP/ CEMENT/ ORE CARRIER,RCVD,2025/05/10 13:39,WL,"UNITRANS AGENCY HONG KONG CO., LIMITED"
OXCQ2,2025/05/10 23:00,12,2025/05/10 08:29,2025/05/10 07:00,DENMARK,SAN ANTONIO MAERSK,"SHANGHAI, SH",SINGAPORE,KC18,CONTAINER,RCVD,2025/05/10 22:42,WL,PENAVICO (HONG KONG) LIMITED
V7A2845,2025/05/10 23:00,6.8,2025/05/10 09:53,2025/05/10 08:00,MARSHALL ISLANDS,STAR FRONTIER,HAIPHONG,INCHEON,KC4,CONTAINER,RCVD,2025/05/10 21:58,E,NAMSUNG SHIPPING HONG KONG LIMITED
DSIJ9,2025/05/11 04:00,6.3,2025/05/10 09:58,2025/05/10 18:00,REPUBLIC OF KOREA,WOO JONG,ULSAN,"OTHER, CHINA (COAST)",SINO,"TANKER (CRUDE,FUEL,DIESEL,LUB)",RCVD,2025/05/11 02:02,E,PENAVICO (HONG KONG) LIMITED
ELXX8,2025/05/12 12:00,13.1,2025/05/10 10:35,2025/05/10 09:00,LIBERIA,SANTA CRUZ I,SINGAPORE,SINGAPORE,EMTY,"TANKER (CRUDE,FUEL,DIESEL,LUB)",RCVD,2025/05/12 04:51,EMTY,VASTON SHIPPING AGENCY LIMITED
9V7396,2025/05/10 23:00,9.5,2025/05/10 11:01,2025/05/10 09:00,SINGAPORE,WAN HAI A01,"NINGBO, ZJ","SHEKOU, SHENZHEN",KC9,CONTAINER,RCVD,2025/05/10 23:01,W,HYALINE SHIPPING (HK) CO LTD
5LAR7,2025/05/10 22:00,8.6,2025/05/10 11:24,2025/05/10 10:00,LIBERIA,MSC SHAHAR,"YANTIAN, SHENZHEN",SYDNEY,KC1,CONTAINER,RCVD,2025/05/10 22:03,E,MEDITERRANEAN SHIPPING COMPANY (HONG KONG) LIMITED
9VCB4,2025/05/11 01:00,7.3,2025/05/10 17:10,2025/05/10 12:00,SINGAPORE,XH DEEP COVER,NEWCASTLE,HUIZHOUGANG,SELA,BULK/ WOODCHIP/ CEMENT/ ORE CARRIER,RCVD,2025/05/11 01:58,E,GRANDFAME SHIP MANAGEMENT LTD
9V7800,2025/05/16 15:00,8.3,2025/05/09 09:43,2025/05/16 07:00,SINGAPORE,EVER WIN,"SHEKOU, SHENZHEN","SHANGHAI, SH",PSSA,CONTAINER,RCVD,2025/05/09 20:35,WL,EVERGREEN MARINE (HONG KONG) LTD
BPBY,2025/05/16 23:00,11.2,2025/05/09 11:25,2025/05/16 08:00,CHINA,XIN DAN DONG,"XINGANG, TIANJIN, TJ","OTHER, VIETNAM",SELA,CONTAINER,RCVD,2025/05/09 11:28,S,COSCO SHIPPING CONTAINER LINE AGENCIES LIMITED
