CALL_SIGN,VESSEL_MAX_DRAFT,VESSEL_NAME,LAST_PORT,AGENT_NAME,NEXT_PORT,PASI,BERTH,ETA_TIME,SHIP_TYPE,FLAG,ATD_TIME,ETD_TIME,CURRENT_LOCATION,ATA_TIME
VRZK8,9.2,OOCL ROTTERDAM,KAOHSIUNG,OOCL HONG KONG BRANCH,"YANTIAN, SHENZHEN",RCVD,KC11,2025/05/14 12:00,CONTAINER,"HONG KONG, CHINA",2025/05/15 15:03,2025/05/15 12:00,,2025/05/14 18:58
BPIU9,6,HONG JING,"DONGGUAN, GD",S5 ASIA LIMITED,"DONGGUAN, GD",RCVD,SHELL,2025/05/14 17:00,LIQUIFIED PETROLEUM GAS TANKER,CHINA,2025/05/12 19:53,2025/05/12 11:43,SHELL,2025/05/14 19:01
V7A6349,7.7,TS SURABAYA,"NANSHA, PANYU",T.S. LINES LIMITED,"SHEKOU, SHENZHEN",RCVD,KC6,2025/05/14 17:00,CONTAINER,MARSHALL ISLANDS,2025/05/15 08:55,2025/05/15 10:11,KC6,2025/05/14 19:07
3EUL8,10.3,EVER BIRTH,KUANTAN,EVERGREEN MARINE (HONG KONG) LTD,"YANTIAN, SHENZHEN",RCVD,KC7,2025/05/14 21:00,CONTAINER,PANAMA,2025/05/15 08:27,2025/05/15 18:00,KC7,2025/05/14 19:08
3EIA8,7.6,THE HARMONY,"CAILAN, VIETNAM",TINEKEN SHIPPING LIMITED,BONTANG,RCVD,SWLA,2025/05/14 20:00,BULK/ WOODCHIP/ CEMENT/ ORE CARRIER,PANAMA,2025/05/15 05:27,2025/05/15 07:00,,2025/05/14 19:18
VRFQ5,8.6,OCEAN DUKE,"LUOYUAN, FJ",SGS HONG KONG LIMITED,PORT HEDLAND,RCVD,SELA,2025/05/14 22:00,BULK/ WOODCHIP/ CEMENT/ ORE CARRIER,"HONG KONG, CHINA",2025/05/15 08:06,2025/05/15 22:00,SELA,2025/05/14 20:25
5LJZ6,8.3,G. DRAGON,"XIAMEN, FJ",PENAVICO (HONG KONG) LIMITED,"SHEKOU, SHENZHEN",,WA3,2025/05/14 20:00,CONTAINER,LIBERIA,2025/05/15 11:25,2025/05/15 05:00,,2025/05/14 20:29
VRFY9,9.02,GREAT QIN,GUANGZHOU,BRIGHT CAPITAL SHIPPING CO LIMITED,"OTHER, AUSTRALIA",RCVD,SWLA,2025/05/14 23:59,BULK/ WOODCHIP/ CEMENT/ ORE CARRIER,"HONG KONG, CHINA",2025/05/15 06:58,,,2025/05/14 22:02
V7TL2,7.3,ASIAN EXPLORER,"OTHER, VIETNAM",NS UNITED SHIPPING (HK) CO LIMITED,OPEN SEA,RCVD,SELA,2025/05/14 22:00,BULK/ WOODCHIP/ CEMENT/ ORE CARRIER,MARSHALL ISLANDS,2025/05/15 01:15,,,2025/05/14 22:11
V7PS7,11.5,HYUNDAI FAITH,SINGAPORE,HMM (HONG KONG) LIMITED,QINGDAO,RCVD,KC5,2025/05/14 21:30,CONTAINER,MARSHALL ISLANDS,2025/05/15 07:59,2025/05/15 08:00,KC5,2025/05/14 22:59
3FDY9,9.4,KMTC GWANGYANG,ULSAN,KMTC (HK) CO LIMITED,HO CHI MINH CITY,RCVD,KC9,2025/05/14 21:30,CONTAINER,PANAMA,2025/05/15 08:58,2025/05/15 08:30,KC9,2025/05/14 23:01
3FTP7,7,THANH THANH DAT 8999,ZHANGZHOU,WINBO SHIPPING LTD,CUA LO,RCVD,SELA,2025/05/14 12:00,BULK/ WOODCHIP/ CEMENT/ ORE CARRIER,PANAMA,2025/05/15 03:55,2025/05/15 09:00,,2025/05/14 23:43
9HA5502,13.3,CMA CGM DIGNITY,BUSAN,CMA CGM (HONG KONG) LIMITED,"NINGBO, ZJ",RCVD,SELA,2025/05/12 21:00,CONTAINER,MALTA,2025/05/15 00:07,2025/05/13 13:00,S,2025/05/15 00:05
3E3577,7.65,EVER OWN,"YANTIAN, SHENZHEN",EVERGREEN MARINE (HONG KONG) LTD,"XINGANG, TIANJIN, TJ",,KC10,,CONTAINER,PANAMA,2025/05/15 12:06,2025/05/15 12:00,WL,2025/05/15 00:20
VRPS8,9.5,SILVER JOAN,SINGAPORE,GULF AGENCY CO (HK) LTD,SINGAPORE,RCVD,SHELL,2025/05/14 19:00,"TANKER (CRUDE,FUEL,DIESEL,LUB)","HONG KONG, CHINA",,2025/05/16 11:05,SLA,2025/05/15 01:00
3E7181,6.8,NEWNEW MOON,"TIANJIN XINGANG, TJ","UNITRANS AGENCY HONG KONG CO., LIMITED","NANSHA, PANYU",RCVD,SELA,2025/05/15 02:00,CONTAINER,PANAMA,2025/05/15 02:24,,,2025/05/15 02:23
3E4122,6.9,SHOKAI ,"OTHER, CHINA (COAST)",INCHCAPE SHIPPING SERVICES (HK) LTD,VUNGTAU,RCVD,SLA,2025/05/15 06:00,"TANKER (CRUDE,FUEL,DIESEL,LUB)",PANAMA,2025/05/15 13:02,2025/05/15 23:55,SLA,2025/05/15 03:02
9V6015,9.7,MAERSK QINZHOU,DANANG,PENAVICO (HONG KONG) LIMITED,KEELUNG,RCVD,KC19,2025/05/15 01:00,CONTAINER,SINGAPORE,2025/05/15 12:38,2025/05/15 10:30,KC,2025/05/15 03:07
V7PC2,8.1,TS KAOHSIUNG,KAOHSIUNG,T.S. LINES LIMITED,KAOHSIUNG,,KC8,,CONTAINER,MARSHALL ISLANDS,,2025/05/16 11:07,KC8,2025/05/15 03:43
5LLD2,8.8,HUANG HE KOU,"OTHER, CHINA (COAST)",PENAVICO (HONG KONG) LIMITED,"TIANJIN XINGANG, TJ",,KC16,,CAR CARRIER,LIBERIA,2025/05/15 07:56,2025/05/15 17:00,KC16,2025/05/15 03:52
3FXG8,7.6,FENGYUNHE,"YANTIAN, GD",COSCO SHIPPING CONTAINER LINE AGENCIES LIMITED,"QINZHOU, GX",RCVD,KC10,2025/05/14 07:00,CONTAINER,PANAMA,2025/05/15 11:56,2025/05/15 13:00,KC10,2025/05/15 06:03
VRMK9,6.7,SINOTRANS TIANJIN,"NANSHAN, SHENZHEN",SINOTRANS (HK) SHIPPING LTD,"SHEKOU, SHENZHEN",,KC10,,CONTAINER,"HONG KONG, CHINA",2025/05/15 10:10,2025/05/15 10:00,KC,2025/05/15 06:19
VRFO2,10.3,MAERSK NINGBO,"SHANGHAI, SH",SINOTRANS (HK) SHIPPING LTD,BRISBANE,RCVD,KC19,2025/05/15 05:30,CONTAINER,"HONG KONG, CHINA",2025/05/15 20:24,2025/05/15 20:00,WA,2025/05/15 06:47
VRVS3,11.5,COSCO SHIPPING BRAZIL,SINGAPORE,COSCO SHIPPING CONTAINER LINE AGENCIES LIMITED,"TIANJIN XINGANG, TJ",RCVD,KC14,2025/05/15 09:00,CONTAINER,"HONG KONG, CHINA",2025/05/16 00:01,2025/05/16 10:00,ELC,2025/05/15 07:29
9V7863,9.7,WAN HAI 372,TOKYO,HYALINE SHIPPING (HK) CO LTD,"SHEKOU, SHENZHEN",,KC8,,CONTAINER,SINGAPORE,2025/05/16 00:03,2025/05/16 00:30,PT,2025/05/15 07:40
9V6502,8.6,WAN HAI 283,TAICHUNG,HYALINE SHIPPING (HK) CO LTD,KAOHSIUNG,,KC,,CONTAINER,SINGAPORE,2025/05/15 23:55,2025/05/16 07:00,PT,2025/05/15 07:41
5LHO2,9.3,AVIOS,LAEM CHABANG,SINOTRANS (HK) SHIPPING LTD,"SHANGHAI, SH",RCVD,KC4,2025/05/15 06:30,CONTAINER,LIBERIA,2025/05/15 20:23,2025/05/15 15:00,PT,2025/05/15 07:48
CQ2360,9.1,TRIDENT UNITY ,NINGDE,BRIGHT CAPITAL SHIPPING CO LIMITED,"FANGCHENG, GX",RCVD,SWLA,2025/05/14 23:59,BULK/ WOODCHIP/ CEMENT/ ORE CARRIER,PORTUGAL,2025/05/15 13:38,2025/05/15 17:00,,2025/05/15 09:18
BG3757,2.32,SHENG CING JI,KAOHSIUNG,CHU KONG AGENCY CO LTD,KAOHSIUNG,,CSWFM,2025/05/15 06:00,FISHING,"TAIWAN, CHINA",2025/05/15 17:29,,,2025/05/15 09:30
VRAB8,9.8,CSCL ASIA,"DALIAN, LN",COSCO SHIPPING CONTAINER LINE AGENCIES LIMITED,"NINGBO, ZJ",RCVD,KC13,2025/05/15 06:00,CONTAINER,"HONG KONG, CHINA",2025/05/15 20:03,2025/05/15 18:00,E,2025/05/15 09:44
BQXZ,7.1,HAI SU 6,"SHANTOU, GD",SINOTRANS (HK) SHIPPING LTD,"SHEKOU, SHENZHEN",RCVD,CMTY,2025/05/15 09:00,CONTAINER,CHINA,2025/05/15 13:33,2025/05/15 15:00,E,2025/05/15 09:58
V7A7425,7.4,TS PUSAN,MANILA,T.S. LINES LIMITED,"XINGANG, TIANJIN, TJ",RCVD,KC7,2025/05/15 09:00,CONTAINER,MARSHALL ISLANDS,2025/05/16 02:36,2025/05/15 11:08,E,2025/05/15 10:16
H9HG,6.3,SUN QUEEN,"FANGCHENG, GX","UNITRANS AGENCY HONG KONG CO., LIMITED",OPEN SEA,RCVD,SLA,2025/05/14 22:00,CHEMICAL,PANAMA,2025/05/15 12:50,2025/05/15 21:00,,2025/05/15 10:23
VRSL6,10,LAUTOKA CHIEF,"NANSHA, PANYU",WALLEM SHIPPING (HK) LTD,LAE,RCVD,KC2,2025/05/15 08:30,CONTAINER,"HONG KONG, CHINA",2025/05/15 20:32,2025/05/15 22:00,S,2025/05/15 10:24
S9Z8,3.7,HOANG TRIEU 39,"OTHER, VIETNAM",EVER WIN INTERNATIONAL SHIPPING CO. LIMITED,,RCVD,TMECO,2025/05/12 08:00,GENERAL / HEAVY LIFT CARGO,SAO TOME & PRINCIPE,,,,2025/05/15 10:54
V7A5639,9.7,GREGOS,"SHANTOU, GD",CMA CGM ASIA SHIPPING PTE. LTD.,"SHEKOU, SHENZHEN",,PT,2025/05/15 11:00,CONTAINER,MARSHALL ISLANDS,2025/05/15 11:41,2025/05/15 13:00,,2025/05/15 11:33
S9A3158,5.5,GAO XIN 16,HAIPHONG,CGW LOGISTICS CO LIMITED,"CHIWAN, SHENZHEN",RCVD,SWLA,2025/05/15 16:00,GENERAL / HEAVY LIFT CARGO,SAO TOME & PRINCIPE,,2025/05/15 20:00,,2025/05/15 11:40
3E5373,9.6,DE XIN HAI 5,NAKHODKA,"ZHONGXIN INTERNATIONAL GROUP CO., LIMITED","OTHER, VIETNAM",,SELA,,BULK/ WOODCHIP/ CEMENT/ ORE CARRIER,PANAMA,2025/05/15 15:50,,,2025/05/15 13:01
V7A4470,6.29,ASIAN ISLAND,KEELUNG,NS UNITED SHIPPING (HK) CO LIMITED,OPEN SEA,RCVD,PSSA,2025/05/15 13:00,GENERAL / HEAVY LIFT CARGO,MARSHALL ISLANDS,,2025/05/16 18:00,PSSA,2025/05/15 14:06
D5ZU3,14.85,CAPE BOSS,VANINO,INCHCAPE SHIPPING SERVICES (HK) LTD,"ZHUHAI, GD",RCVD,SELA,2025/05/15 16:21,BULK/ WOODCHIP/ CEMENT/ ORE CARRIER,LIBERIA,2025/05/15 19:49,2025/05/16 14:38,,2025/05/15 14:14
9V6498,9,WAN HAI 327,TAIPEI,HYALINE SHIPPING (HK) CO LTD,"SHEKOU, SHENZHEN",RCVD,KC6,2025/05/15 14:00,CONTAINER,SINGAPORE,,2025/05/16 04:00,,2025/05/15 15:05
HONT,6.7,HARBOUR WELL,"SHANWEI, GD",CGW LOGISTICS CO LIMITED,"OTHER, INDONESIA",RCVD,SELA,2025/05/13 02:30,BULK/ WOODCHIP/ CEMENT/ ORE CARRIER,PANAMA,2025/05/13 23:40,2025/05/15 19:00,,2025/05/13 19:21
BLEP,9,KANWAY GLOBAL,"SHEKOU, SHENZHEN",KANWAY SHIPPING LIMITED,KAOHSIUNG,,KC20,,CONTAINER,"TAIWAN, CHINA",2025/05/09 03:41,,,2025/05/15 15:23
H3YW,8.6,MIYUNHE,"XIAMEN, FJ",COSCO SHIPPING CONTAINER LINE AGENCIES LIMITED,"NANSHA, PANYU",,KC12,,CONTAINER,PANAMA,2025/05/15 21:58,2025/05/15 23:00,,2025/05/15 15:30
VRSB9,8.1,SITC TOYOHASHI,"XIAMEN, FJ",SITC SHIPPING AGENCY (HK) COMPANY LIMITED,HAIPHONG,RCVD,KC3,2025/05/15 15:00,CONTAINER,"HONG KONG, CHINA",2025/05/15 21:01,2025/05/15 21:00,,2025/05/15 16:01
BPPJ2,7.5,HUA XIA KUN PENG 01,"SHENZHEN, GD","UNITRANS AGENCY HONG KONG CO., LIMITED",,RCVD,SWLA,2025/05/15 17:00,OTHER,CHINA,,,,2025/05/15 17:19
V7A2100,8.8,PULAU TOUYI,KOBE,IGOR SHIPPING AGENCIES LTD,,RCVD,B04,2025/05/15 16:00,GENERAL / HEAVY LIFT CARGO,MARSHALL ISLANDS,,,,2025/05/15 17:28
BORI6,7.4,SHENG AN YANG,GUANGZHOU,OCEAN BASE CO LTD,BALIKPAPAN,RCVD,SELA,2025/05/15 18:30,BULK/ WOODCHIP/ CEMENT/ ORE CARRIER,CHINA,2025/05/15 23:33,,,2025/05/15 18:01
V7A4532,7.53,CONSCIENCE,"XIAMEN, FJ",OCEANLINKS MARINE LIMITED,HAIPHONG,,CMTY,2025/05/15 17:28,CONTAINER,MARSHALL ISLANDS,,2025/05/16 06:29,E,2025/05/15 18:23
S9A3161,5,FILENE,"OTHER, CHINA (COAST)","ZHONGXIN INTERNATIONAL GROUP CO., LIMITED",PORT KLANG,,SLA,,"TANKER (CRUDE,FUEL,DIESEL,LUB)",SAO TOME & PRINCIPE,2025/05/15 21:49,,,2025/05/15 18:56
3E4035,7,GREEN POWER,"ZHUHAI, GD",GULF AGENCY CO (HK) LTD,GERALDTON,RCVD,SELA,2025/05/15 14:30,BULK/ WOODCHIP/ CEMENT/ ORE CARRIER,PANAMA,2025/05/16 01:12,2025/05/16 09:00,W,2025/05/15 19:07
D5YE7,10,KMTC XIAMEN,HO CHI MINH CITY,KMTC (HK) CO LIMITED,"SHEKOU, SHENZHEN",RCVD,KC10,2025/05/15 19:30,CONTAINER,LIBERIA,,2025/05/16 13:00,KC10,2025/05/15 20:04
9V7936,7.5,DAPENG PRINCESS,"OTHER, MALAYSIA",INCHCAPE SHIPPING SERVICES (HK) LTD,BINTULU,RCVD,SCCA,2025/05/12 10:00,LIQUIFIED NATURAL GAS TANKER,SINGAPORE,,2025/05/16 20:00,SCCA,2025/05/15 20:30
3EOC4,4.8,RAM COMMANDER,"DALIAN, LN",CGW LOGISTICS CO LIMITED,TARAKAN,RCVD,SELA,2025/05/15 23:00,GENERAL / HEAVY LIFT CARGO,PANAMA,2025/05/16 03:18,2025/05/16 08:00,,2025/05/15 20:34
3E5084,5.88,WIND ARROW,KAOHSIUNG,NS UNITED SHIPPING (HK) CO LIMITED,"SHEKOU, SHENZHEN",RCVD,PSSA,2025/05/15 19:00,GENERAL / HEAVY LIFT CARGO,PANAMA,,2025/05/16 20:00,PSSA,2025/05/15 20:34
3E8360,6.8,ORCHID LUNDU,"OTHER, JAPAN",WELLS MARINE AGENCIES,QUINHON,RCVD,PT,2025/05/15 22:00,BULK/ WOODCHIP/ CEMENT/ ORE CARRIER,PANAMA,2025/05/15 23:25,2025/05/16 03:00,,2025/05/15 20:38
3E7638,7,HONG DA XIN 758,"NANSHA, PANYU",CONCORD MARINE LIMITED,"ZHUHAI, GD",RCVD,SWLA,2025/05/16 00:00,CONTAINER,PANAMA,2025/05/15 21:12,2025/05/15 23:00,W,2025/05/15 21:07
3E6736,8.1,HUI FENG HAI 16,"OTHER, CHINA (COAST)",CGW LOGISTICS CO LIMITED,PASIR GUDANG,RCVD,SWLA,2025/05/15 21:00,GENERAL / HEAVY LIFT CARGO,PANAMA,2025/05/16 02:21,,,2025/05/15 21:15
VRLZ3,10.3,OOCL EGYPT,VUNGTAU,OOCL HONG KONG BRANCH,"YANTIAN, SHENZHEN",,KC13,,CONTAINER,"HONG KONG, CHINA",,2025/05/16 08:00,KC13,2025/05/15 21:55
3E3421,7.3,MAC GLORY,"GAOLAN, ZHUHAI",P. M. S. HONG KONG LIMITED,OPEN SEA,RCVD,SELA,2025/05/15 18:00,BULK/ WOODCHIP/ CEMENT/ ORE CARRIER,PANAMA,2025/05/16 03:53,2025/05/16 06:00,,2025/05/15 22:11
CQEA,11.2,PANDA 008,"NINGBO, ZJ",SINOTRANS (HK) SHIPPING LTD,COLOMBO,RCVD,SELA,2025/05/15 00:00,CONTAINER,PORTUGAL,2025/05/16 03:36,,,2025/05/15 22:12
HSB8290,14.1,ZIM THAILAND,SINGAPORE,ZIM INTEGRATED SHIPPING AGENCIES (HK) LIMITED,"YANTIAN, SHENZHEN",RCVD,KC19,2025/05/15 20:30,CONTAINER,THAILAND,,2025/05/16 15:00,KC19,2025/05/15 22:33
BKLG,10.1,EVER BASIS,QINGDAO,EVERGREEN MARINE (HONG KONG) LTD,"SHEKOU, SHENZHEN",RCVD,KC10,2025/05/15 23:30,CONTAINER,"TAIWAN, CHINA",,2025/05/16 23:00,KC10,2025/05/15 23:23
VRFO6,8,JJ SUN,HAIPHONG,OCEANLINKS MARINE LIMITED,"SHANGHAI, SH",RCVD,CMTY,2025/05/15 22:30,CONTAINER,"HONG KONG, CHINA",2025/05/09 04:00,2025/05/16 16:40,,2025/05/08 21:06
HSGF2,10,URU BHUM,HO CHI MINH CITY,REGIONAL CONTAINER LINES (HK) LTD,"SHEKOU, SHENZHEN",RCVD,KC7,2025/05/15 23:59,CONTAINER,THAILAND,,2025/05/16 20:00,KC7,2025/05/16 01:59
BOAM7,6.6,ZHONG GU DONG HAI,OPEN SEA,PENAVICO (HONG KONG) LIMITED,HAIPHONG,RCVD,KC6,2025/05/10 14:30,CONTAINER,CHINA,2025/05/10 22:28,2025/05/11 00:00,S,2025/05/10 15:49
V2HT3,9.6,CEBU,KAOHSIUNG,OOCL HONG KONG BRANCH,MANILA,,KC8,,CONTAINER,ANTIGUA & BARBUDA,,2025/05/16 18:00,KC8,2025/05/16 03:30
9V7846,9.7,WAN HAI 365,SINGAPORE,HYALINE SHIPPING (HK) CO LTD,TOKYO,RCVD,KC7,2025/05/15 18:00,CONTAINER,SINGAPORE,,2025/05/16 19:30,KC7,2025/05/16 04:14
9HA5926,11.1,CMA CGM BUZIOS,SINGAPORE,CMA CGM (HONG KONG) LIMITED,"SHANGHAI, SH",RCVD,KC9,2025/05/16 03:00,CONTAINER,MALTA,,2025/05/16 15:30,KC9,2025/05/16 04:29
3FOB4,8.2,HORAI BRIDGE,HO CHI MINH CITY,YANG MING LINE (HONG KONG) LTD,KAOHSIUNG,RCVD,KC9,2025/05/16 03:00,CONTAINER,PANAMA,,2025/05/16 23:59,KC9,2025/05/16 04:30
BPWN3,5.6,KONG QUE LAN,"OTHER, CHINA (COAST)",MARITIME TRANSPORT AGENCY (HONG KONG) LIMITED,BANGKOK,RCVD,SLA,2025/05/15 18:00,"TANKER (CRUDE,FUEL,DIESEL,LUB)",CHINA,,2025/05/17 03:00,SLA,2025/05/16 04:48
VRTT8,9.05,NICOLAI MAERSK,"NANSHAN, SHENZHEN",SINOTRANS (HK) SHIPPING LTD,KAOHSIUNG,RCVD,KC19,2025/05/16 03:30,CONTAINER,"HONG KONG, CHINA",2025/05/10 03:06,2025/05/16 14:30,KC17,2025/05/09 15:39
9MWL9,5.1,NYLEX 1,"DONGGUAN, GD",GULF AGENCY CO (HK) LTD,LABUAN,RCVD,SLA,2025/05/14 03:05,CHEMICAL,MALAYSIA,2025/05/13 23:56,,,2025/05/13 18:09
BOQW6,7.3,ZHONG TUO FU XING,"ZHUHAI, GD",OCEAN BASE CO LTD,"OTHER, RUSSIAN",RCVD,SWLA,2025/05/13 21:00,BULK/ WOODCHIP/ CEMENT/ ORE CARRIER,CHINA,2025/05/13 23:01,,,2025/05/13 18:29
5IM998,4.2,GENESIS 168,"OTHER, VIETNAM",HONGYU SHIPPING (HK) LIMITED,ANPING,RCVD,CMTY,2025/05/13 18:30,GENERAL / HEAVY LIFT CARGO,UNITED REPUBLIC OF TANZANIA,2025/05/13 20:08,,,2025/05/13 18:39
V2HL7,11.1,BF TIGER,"LIANYUNGANG, JS",SINOTRANS (HK) SHIPPING LTD,,RCVD,KC18,2025/05/13 17:00,CONTAINER,ANTIGUA & BARBUDA,,,,2025/05/13 18:41
BOCJ,8.03,BAI AN HAI,GUANGZHOU,PENAVICO (HONG KONG) LIMITED,PORT HEDLAND,RCVD,SELA,2025/05/13 17:00,BULK/ WOODCHIP/ CEMENT/ ORE CARRIER,CHINA,2025/05/14 01:57,2025/05/13 23:00,,2025/05/13 18:45
PJF13,6,JIANXIN PHOENIX,"OTHER, CHINA (COAST)",MINDA SHIPPING (HONG KONG) LIMITED,VLADIVOSTOK,RCVD,SWLA,2025/05/10 16:00,BULK/ WOODCHIP/ CEMENT/ ORE CARRIER,ST. MAARTEN,2025/05/14 00:52,,,2025/05/13 18:45
9V7808,5.8,EVER WISH,GUANGZHOU,EVERGREEN MARINE (HONG KONG) LTD,KAOHSIUNG,,SELA,,CONTAINER,SINGAPORE,2025/05/14 03:52,,,2025/05/13 18:47
3FMG7,12.8,TEXAS TRIUMPH,KAOHSIUNG,EVERGREEN MARINE (HONG KONG) LTD,"YANTIAN, SHENZHEN",RCVD,KC8,2025/05/13 17:30,CONTAINER,PANAMA,2025/05/14 12:41,2025/05/14 23:00,KC8,2025/05/13 18:56
3WLO9,6,DAI TAY DUONG 25,GUANGZHOU,Y & W SHIPPING COMPANY LIMITED,OPEN SEA,RCVD,SWLA,2025/05/12 06:00,GENERAL / HEAVY LIFT CARGO,VIETNAM,2025/05/13 21:53,2025/05/12 06:00,,2025/05/13 19:04
BPOZ2,7.9,GUO JIA NENG YUAN 822,"ZHUHAI, GD","UNITRANS AGENCY HONG KONG CO., LIMITED",OPEN SEA,RCVD,SWLA,2025/05/13 19:00,BULK/ WOODCHIP/ CEMENT/ ORE CARRIER,CHINA,2025/05/14 01:06,,,2025/05/13 19:29
9V7854,9.4,WAN HAI 369,KAOHSIUNG,HYALINE SHIPPING (HK) CO LTD,"SHEKOU, SHENZHEN",RCVD,KC6,2025/05/13 18:00,CONTAINER,SINGAPORE,2025/05/14 07:55,,,2025/05/13 19:37
3FCV7,17.98,DAMPIER MARU,"OTHER, AUSTRALIA",TAISHIP DEVELOPMENT LTD,"LIANYUNGANG, JS",RCVD,SELA,2025/05/10 08:00,BULK/ WOODCHIP/ CEMENT/ ORE CARRIER,PANAMA,2025/05/14 04:37,,,2025/05/13 19:38
3E6682,7,CHANG SHENG JI 7,"SHANGHAI, SH",CONCORD MARINE LIMITED,KAOHSIUNG,RCVD,SELA,2025/05/13 00:00,GENERAL / HEAVY LIFT CARGO,PANAMA,2025/05/12 07:37,2025/05/14 04:00,W,2025/05/12 07:36
BLIG,8.5,YM HARMONY,KAOHSIUNG,YANG MING LINE (HONG KONG) LTD,HAIPHONG,RCVD,KC14,2025/05/13 20:00,CONTAINER,"TAIWAN, CHINA",2025/05/14 07:00,2025/05/14 09:00,KC14,2025/05/13 20:59
9V8143,6.3,OCEAN FEATHER,"OTHER, CHINA (COAST)",PENAVICO (HONG KONG) LIMITED,"OTHER, PHILIPPINES",RCVD,SWLA,2025/05/13 22:00,BULK/ WOODCHIP/ CEMENT/ ORE CARRIER,SINGAPORE,2025/05/14 04:46,2025/05/14 02:00,,2025/05/13 22:04
DSOA9,9.4,KMTC SINGAPORE,LAEM CHABANG,KMTC (HK) CO LIMITED,KEELUNG,RCVD,KC12,2025/05/12 14:00,CONTAINER,REPUBLIC OF KOREA,2025/05/14 05:11,2025/05/14 12:00,WA,2025/05/13 22:24
V7A7429,5.2,ONSAN CHEMI ,"QUANZHOU, FJ",GULF AGENCY CO (HK) LTD,LABUAN,RCVD,SLA,2025/05/13 23:00,"TANKER (CRUDE,FUEL,DIESEL,LUB)",MARSHALL ISLANDS,2025/05/14 00:38,2025/05/14 08:00,,2025/05/13 22:31
VREU8,8.7,SC LIAONING,DAESAN,GULF AGENCY CO (HK) LTD,SINGAPORE,RCVD,SLA,2025/05/11 09:00,"TANKER (CRUDE,FUEL,DIESEL,LUB)","HONG KONG, CHINA",2025/05/14 15:11,2025/05/14 23:59,SHELL,2025/05/13 23:02
A8VG2,10.7,GSL AFRICA,LAEM CHABANG,ZIM INTEGRATED SHIPPING AGENCIES (HK) LIMITED,"SHANGHAI, SH",RCVD,KC18,2025/05/13 23:00,CONTAINER,LIBERIA,2025/05/14 09:40,2025/05/14 10:00,KC18,2025/05/13 23:14
A8SN5,10.7,ANL WAIKATO ,"NINGBO, ZJ",CMA CGM (HONG KONG) LIMITED,"SHEKOU, SHENZHEN",RCVD,KC7,2025/05/13 23:00,CONTAINER,LIBERIA,2025/05/14 11:54,2025/05/14 12:00,KC7,2025/05/13 23:41
3E8804,7,ZHONG LIAN 8 ,"PUTIAN, FJ",E & M AGENCY LIMITED,"OTHER, THAILAND",RCVD,SWLA,2025/05/13 23:00,BULK/ WOODCHIP/ CEMENT/ ORE CARRIER,PANAMA,2025/05/14 02:49,,,2025/05/13 23:50
VRLN2,8.2,SITC HAKATA,"NINGBO, ZJ",SITC SHIPPING AGENCY (HK) COMPANY LIMITED,"OTHER, MYANMAR",RCVD,SELA,2025/05/13 10:00,CONTAINER,"HONG KONG, CHINA",2025/05/14 05:04,,,2025/05/14 00:00
VROS2,7.8,MILD TUNE,"NANSHA, PANYU",OCEANLINKS MARINE LIMITED,"SHANGHAI, SH",,CMTY,2025/05/13 23:00,CONTAINER,"HONG KONG, CHINA",2025/05/14 06:23,2025/05/14 17:19,W,2025/05/14 00:06
BQMV,6.4,FU LIAN,HAIPHONG,COSCO SHIPPING CONTAINER LINE AGENCIES LIMITED,QINGDAO,RCVD,KC7,2025/05/13 23:00,GENERAL / HEAVY LIFT CARGO,CHINA,2025/05/14 04:34,2025/05/14 12:00,ELC,2025/05/14 00:19
H3GB,7.6,JINYUNHE,HAIPHONG,COSCO SHIPPING CONTAINER LINE AGENCIES LIMITED,"XIAMEN, FJ",RCVD,KC12,2025/05/13 23:30,CONTAINER,PANAMA,2025/05/09 09:30,2025/05/14 07:30,,2025/05/09 03:21
VRWN4,10.3,OOCL SAN FRANCISCO,KAOHSIUNG,OOCL HONG KONG BRANCH,SINGAPORE,RCVD,KC,2025/05/14 02:00,CONTAINER,"HONG KONG, CHINA",2025/05/14 12:59,2025/05/14 23:00,KC,2025/05/14 00:40
3E3333,7,ORIENTAL LUCK,OITA,VEROSA AGENCY LIMITED,"OTHER, VIETNAM",RCVD,SELA,2025/05/14 05:00,BULK/ WOODCHIP/ CEMENT/ ORE CARRIER,PANAMA,2025/05/14 03:53,,,2025/05/14 00:59
VRUN4,13.2,ONE AMAZON,SINGAPORE,OCEAN NETWORK EXPRESS (EAST ASIA) LIMITED,"SHANGHAI, SH",RCVD,KC5,2025/05/14 00:01,CONTAINER,"HONG KONG, CHINA",2025/05/14 21:17,2025/05/14 21:00,KC5,2025/05/14 01:44
C4GS2,6.52,AGIOS IOANNIS,"ZHANJIANG, GD",GRANDFAME SHIP MANAGEMENT LTD,SAMARINDA,RCVD,SWLA,2025/05/13 21:30,BULK/ WOODCHIP/ CEMENT/ ORE CARRIER,CYPRUS,2025/05/14 06:55,2025/05/14 05:00,,2025/05/14 01:44
5LFU7,8.6,WAN HAI 177,KAOHSIUNG,HYALINE SHIPPING (HK) CO LTD,"SHEKOU, SHENZHEN",,KC9,,CONTAINER,LIBERIA,2025/05/14 07:53,2025/05/14 08:00,KC9,2025/05/14 01:58
2BOW3,11.2,COSCO FELIXSTOWE,"YANTIAN, GD",COSCO SHIPPING CONTAINER LINE AGENCIES LIMITED,BRISBANE,,KC11,,CONTAINER,UNITED KINGDOM OF GREAT BRITAIN,2025/05/14 17:25,,,2025/05/14 02:31
9WUY7,8,HARBOUR HORIZON,"NANSHA, PANYU",HARBOUR-LINK LINES LIMITED ,KUCHING,RCVD,KC2,2025/05/14 07:00,CONTAINER,MALAYSIA,2025/05/14 22:59,2025/05/14 21:30,SELA,2025/05/14 02:34
H3YG,8.8,UNI-PREMIER,KAOHSIUNG,EVERGREEN MARINE (HONG KONG) LTD,KOTA KINABALU,RCVD,KC,2025/05/13 22:00,CONTAINER,PANAMA,2025/05/14 17:58,2025/05/14 23:00,KC,2025/05/14 03:08
V7CP9,8.15,SEA PLUTO,"NANSHA, PANYU",WILHELMSEN PORT SERVICES (HONG KONG) LIMITED,,RCVD,NLA,2025/05/14 01:00,BULK/ WOODCHIP/ CEMENT/ ORE CARRIER,MARSHALL ISLANDS,,,,2025/05/14 03:27
3FKX4,9,SEA GLORY II,GENERAL SANTOS,"SEACON SHIPMANAGE (HK) CO., LIMITED",RABAUL,,SELA,,RORO/REEFER CARRIER,PANAMA,2025/05/14 12:12,,,2025/05/14 04:02
9V9926,12.4,APL MEXICO CITY,ZHOUSHAN,CMA CGM (HONG KONG) LIMITED,"NANSHA, PANYU",RCVD,SWLA,2025/05/13 23:00,CONTAINER,SINGAPORE,2025/05/14 04:12,,,2025/05/14 04:09
3E5147,7.5,SEA MAPLE,"FANGCHENG, GX",CGW LOGISTICS CO LIMITED,OPEN SEA,RCVD,SWLA,2025/05/14 04:00,BULK/ WOODCHIP/ CEMENT/ ORE CARRIER,PANAMA,2025/05/14 16:05,2025/05/14 15:00,SWLA,2025/05/14 04:16
VRIH4,6.5,JOSCO CHANGZHOU,"GAOLAN, ZHUHAI",CONCORD MARINE LIMITED,"OTHER, PHILIPPINES",,SWLA,,BULK/ WOODCHIP/ CEMENT/ ORE CARRIER,"HONG KONG, CHINA",2025/05/14 10:16,2025/05/14 14:00,SWLA,2025/05/14 05:05
3E5405,7.5,QIAN RUN,"OTHER, CHINA (COAST)",TEXCO MARINE AGENCY LIMITED,SINGAPORE,,SWLA,,GENERAL / HEAVY LIFT CARGO,PANAMA,2025/05/14 10:42,2025/05/14 18:00,SWLA,2025/05/14 05:08
V7A6868,9,CHRISEA,"SHANWEI, GD",SHK AGENCY LIMITED,OPEN SEA,,SELA,,BULK/ WOODCHIP/ CEMENT/ ORE CARRIER,MARSHALL ISLANDS,2025/05/14 21:23,2025/05/15 14:30,SELA,2025/05/14 05:28
VRCY6,9.2,SEASPAN YINGKOU,"NINGBO, ZJ",EVERGREEN MARINE (HONG KONG) LTD,"DALIAN, LN",RCVD,KC10,2025/05/13 03:00,CONTAINER,"HONG KONG, CHINA",2025/05/14 17:08,2025/05/14 23:00,KC10,2025/05/14 05:32
3EDG8,7.6,ZHIDA 6,DUMAI,PENAVICO (HONG KONG) LIMITED,"OTHER, CHINA (COAST)",RCVD,SWLA,2025/05/14 08:00,GENERAL / HEAVY LIFT CARGO,PANAMA,2025/05/14 13:39,,,2025/05/14 05:53
9VKB5,9.4,WAN HAI 316,SINGAPORE,HYALINE SHIPPING (HK) CO LTD,KAOHSIUNG,,KC10,,CONTAINER,SINGAPORE,2025/05/14 14:36,2025/05/14 16:00,KC10,2025/05/14 06:02
9V8084,8.9,WAN HAI 278,"NANSHA, PANYU",HYALINE SHIPPING (HK) CO LTD,KAOHSIUNG,,KC6,,CONTAINER,SINGAPORE,2025/05/14 17:07,2025/05/14 17:00,KC,2025/05/14 06:15
3E2170,8.31,APOLLO FIRST,YAWATA,VEROSA AGENCY LIMITED,OPEN SEA,RCVD,SELA,2025/05/14 09:00,GENERAL / HEAVY LIFT CARGO,PANAMA,2025/05/14 10:04,2025/05/14 18:00,PT,2025/05/14 07:30
V7A4842,8.8,TS KWANGYANG,"NANSHA, PANYU",T.S. LINES LIMITED,LAEM CHABANG,RCVD,KC7,2025/05/13 12:00,CONTAINER,MARSHALL ISLANDS,2025/05/14 17:05,,,2025/05/14 07:33
BG3669,2.5,JIN SHUN LI,KAOHSIUNG,LOUNG SING FUNG,KAOHSIUNG,,KTFM,2025/05/14 06:00,FISHING,"TAIWAN, CHINA",,2025/05/15 16:00,KTFM,2025/05/14 07:43
5LSI3,14.5,POST MARVEL,PRINCE RUPERT,TOTAL MARINE AGENCY LIMITED,SINGAPORE,RCVD,SELA,2025/05/14 07:44,BULK/ WOODCHIP/ CEMENT/ ORE CARRIER,LIBERIA,2025/05/14 19:10,2025/05/15 10:13,E,2025/05/14 08:57
CQIU6,7.5,AS COLUMBIA,"NANSHA, PANYU",SINOTRANS (HK) SHIPPING LTD,LAEM CHABANG,RCVD,KC17,2025/05/11 11:00,CONTAINER,PORTUGAL,2025/05/14 18:04,2025/05/14 17:30,S,2025/05/14 09:16
HP9499,5.8,HOLLY DEVELOPER,"ZHANJIANG, GD",SGS HONG KONG LIMITED,NAKHODKA,RCVD,SELA,2025/05/14 06:00,BULK/ WOODCHIP/ CEMENT/ ORE CARRIER,PANAMA,2025/05/14 15:17,2025/05/14 23:00,W,2025/05/14 09:20
3E7558,7.2,MARINA ARUNG,"OTHER, CHINA (COAST)",WALLEM SHIPPING (HK) LTD,"DONGGUAN, GD",RCVD,SLA,2025/05/14 10:00,CHEMICAL,PANAMA,2025/05/15 18:44,2025/05/15 18:43,SLA,2025/05/14 09:26
VRQS8,7,TCLC QUANZHOU,"YANGJIANG, GD",OCEAN BASE CO LTD,,RCVD,YLD,2025/05/14 08:00,BULK/ WOODCHIP/ CEMENT/ ORE CARRIER,"HONG KONG, CHINA",,,,2025/05/14 09:46
V7A5825,8.8,TS GUANGZHOU,"SHEKOU, SHENZHEN",T.S. LINES LIMITED,"SHEKOU, SHENZHEN",RCVD,KC6,2025/05/15 13:30,CONTAINER,MARSHALL ISLANDS,2025/05/14 18:00,2025/05/15 09:34,S,2025/05/14 09:51
VRSK4,13.8,COSCO SHIPPING LOTUS,KAOHSIUNG,COSCO SHIPPING CONTAINER LINE AGENCIES LIMITED,"YANTIAN, SHENZHEN",RCVD,KC14,2025/05/12 00:01,CONTAINER,"HONG KONG, CHINA",2025/05/14 21:26,2025/05/15 18:00,WL,2025/05/14 09:53
JVRW8,3,TPT PIONEER,MIRI,BOWILL SHIPPING LIMITED,SABAH,,SWLA,2025/05/14 10:00,MULTI-PURPOSE(SEMI CONT.),MONGOLIA,,2025/05/15 10:00,SWLA,2025/05/14 10:00
3FZU7,10,GROVE ISLAND,DANANG,INCHCAPE SHIPPING SERVICES (HK) LTD,HACHINOHE,RCVD,SELA,2025/05/14 10:00,BULK/ WOODCHIP/ CEMENT/ ORE CARRIER,PANAMA,2025/05/14 19:49,2025/05/14 18:00,,2025/05/14 10:06
D7QB,10.2,HEUNG-A BANGKOK,PENANG ISLAND,KONG HING AGENCY LTD,"SHANGHAI, SH",RCVD,KC9,2025/05/14 03:00,CONTAINER,REPUBLIC OF KOREA,2025/05/14 20:59,2025/05/14 18:30,S,2025/05/14 10:25
ZCDU9,8.3,PIANO LAND,"OTHER, JAPAN",LEAGUER SHIPPING LIMITED,"OTHER, JAPAN",RCVD,KTCT,2025/05/10 12:00,PASSENGER,BERMUDA,2025/05/10 18:24,2025/05/10 19:00,,2025/05/10 13:05
V7AQ9,11,GENCO RELIANCE,"OTHER, CHINA (COAST)",WILHELMSEN PORT SERVICES (HONG KONG) LIMITED,OPEN SEA,RCVD,SELA,2025/05/14 12:00,BULK/ WOODCHIP/ CEMENT/ ORE CARRIER,MARSHALL ISLANDS,2025/05/15 14:49,2025/05/15 10:14,E,2025/05/14 11:27
9WTX5,8,HARBOUR GALAXY,MUARA,HARBOUR-LINK LINES LIMITED ,KOTA KINABALU,RCVD,CMTY,2025/05/14 12:00,CONTAINER,MALAYSIA,2025/05/15 14:47,2025/05/15 10:00,,2025/05/14 11:37
V2HY4,9.6,NORDIA ,KAOHSIUNG,PENAVICO (HONG KONG) LIMITED,TANJUNG PELEPAS,RCVD,SWLA,2025/05/14 11:00,CONTAINER,ANTIGUA & BARBUDA,2025/05/14 19:35,2025/05/14 23:00,,2025/05/14 12:30
V3PQ,6,GOLDEN VALLEY,"XIAMEN, FJ",GRANDFAME SHIP MANAGEMENT LTD,"OTHER, VIETNAM",RCVD,SELA,2025/05/14 14:00,GENERAL / HEAVY LIFT CARGO,BELIZE,2025/05/14 15:50,2025/05/14 20:00,,2025/05/14 12:37
3E7431,7.3,HUI YUAN,HUIZHOUGANG,SGS HONG KONG LIMITED,"TABONEO, INDONESIA",RCVD,SELA,2025/05/13 18:00,BULK/ WOODCHIP/ CEMENT/ ORE CARRIER,PANAMA,2025/05/14 16:56,2025/05/15 14:00,E,2025/05/14 12:59
5LFT9,8,VAST OCEAN,HAIPHONG,SHK AGENCY LIMITED,"ZHANJIANG, GD",RCVD,SLA,2025/05/14 12:00,LIQUIFIED PETROLEUM GAS TANKER,LIBERIA,2025/05/14 21:57,2025/05/15 10:21,,2025/05/14 13:00
3E7131,6.5,MING TAI 8 ,"FANGCHENG, GX",UNKNOWN AGENT,"OTHER, RUSSIAN",RCVD,SWLA,2025/05/14 13:00,BULK/ WOODCHIP/ CEMENT/ ORE CARRIER,PANAMA,2025/05/14 18:09,,,2025/05/14 13:06
9V8501,10.2,WAN HAI 335,QINGDAO,OOCL HONG KONG BRANCH,"SHEKOU, SHENZHEN",RCVD,KC7,2025/05/14 12:30,CONTAINER,SINGAPORE,2025/05/14 21:57,2025/05/15 12:30,,2025/05/14 13:49
VRLD7,11,COSCO PIRAEUS,"YANTIAN, SHENZHEN",COSCO SHIPPING CONTAINER LINE AGENCIES LIMITED,"NINGBO, ZJ",,KC8,,CONTAINER,"HONG KONG, CHINA",2025/05/14 23:00,,,2025/05/14 14:13
VRBX6,9.3,XIN LOS ANGELES,"SHANGHAI, SH",COSCO SHIPPING CONTAINER LINE AGENCIES LIMITED,"NANSHA, PANYU",RCVD,KC13,2025/05/14 09:00,CONTAINER,"HONG KONG, CHINA",2025/05/15 08:00,2025/05/15 08:00,,2025/05/14 14:35
9HA5881,10,CMA CGM LISBON,"SHANTOU, GD",CMA CGM ASIA SHIPPING PTE. LTD.,"SHEKOU, SHENZHEN",RCVD,LCS1,2025/05/14 16:00,CONTAINER,MALTA,2025/05/14 14:57,2025/05/14 18:00,,2025/05/14 14:56
D5UN6,7.16,KASTOR,"NANSHA, PANYU",PENAVICO (HONG KONG) LIMITED,"WEIHAI, SD",,SWLA,,BULK/ WOODCHIP/ CEMENT/ ORE CARRIER,LIBERIA,2025/05/15 04:26,,,2025/05/14 15:40
9V7391,9.5,WAN HAI 359,CAT LAI PORT,HYALINE SHIPPING (HK) CO LTD,"DALIAN, LN",RCVD,KC10,2025/05/14 10:30,CONTAINER,SINGAPORE,2025/05/15 04:25,2025/05/15 09:00,,2025/05/14 16:18
3E8689,7.2,VIET THUAN 80-05,HONGAI,GRANDFAME SHIP MANAGEMENT LTD,"OTHER, INDONESIA",RCVD,SWLA,2025/05/14 12:00,BULK/ WOODCHIP/ CEMENT/ ORE CARRIER,PANAMA,2025/05/15 03:25,2025/05/14 21:00,,2025/05/14 16:25
3E4674,6.5,YONG JING,"ZHANGJIAGANG, JS",SK SHIPPING LIMITED,"OTHER, THAILAND",RCVD,SELA,2025/05/14 18:00,GENERAL / HEAVY LIFT CARGO,PANAMA,2025/05/14 18:18,,,2025/05/14 16:28
HOJG,4.2,AN HAI STAR,HAIPHONG,OCEAN BASE CO LTD,"XIUYAO, XIAMEN, FJ",,SELA,2025/05/11 08:00,GENERAL / HEAVY LIFT CARGO,PANAMA,2025/05/14 22:27,2025/05/12 01:00,,2025/05/14 16:42
5BCK2,6.72,MEGALOHARI,"CHAOZHOU, GD","UNITRANS AGENCY HONG KONG CO., LIMITED",OPEN SEA,RCVD,SELA,2025/05/12 08:00,BULK/ WOODCHIP/ CEMENT/ ORE CARRIER,CYPRUS,2025/05/13 08:25,2025/05/13 11:00,SELA,2025/05/13 04:31
V7A2674,9.5,SOLAR SUZANNE,MUARA,GULF AGENCY CO (HK) LTD,"NANTONG, JS",RCVD,SLA,2025/05/14 17:00,"TANKER (CRUDE,FUEL,DIESEL,LUB)",MARSHALL ISLANDS,2025/05/15 05:10,2025/05/15 03:30,,2025/05/14 17:11
A8ZM5,7.4,FPMC B 108,"OTHER, VIETNAM","UNITRANS AGENCY HONG KONG CO., LIMITED",OPEN SEA,RCVD,SWLA,2025/05/11 18:00,BULK/ WOODCHIP/ CEMENT/ ORE CARRIER,LIBERIA,2025/05/13 07:27,2025/05/12 23:59,,2025/05/12 18:38
XVJV7,4.77,AMBER,HAIPHONG,BEN LINE AGENCIES (HK) LTD,"DONGGUAN, GD",RCVD,SLA,2025/05/12 10:00,LIQUIFIED PETROLEUM GAS TANKER,VIETNAM,2025/05/13 18:47,2025/05/12 23:00,,2025/05/12 18:41
3EJI7,5.44,ZAMBALES,TAIPEI,EASTERN WORLDWIDE CO LTD,HAIPHONG,RCVD,CMTY,2025/05/12 18:00,RORO/REEFER CARRIER,PANAMA,2025/05/13 01:56,2025/05/13 02:00,S,2025/05/12 19:01
9HA5839,9.02,CNC PUMA,"OTHER, VIETNAM",CMA CGM ASIA SHIPPING PTE. LTD.,"TIANJIN XINGANG, TJ",RCVD,URMA,2025/05/12 07:00,CONTAINER,MALTA,2025/05/12 19:16,2025/05/12 21:30,WL,2025/05/12 19:15
3E6120,5.4,HARMONY 2,"ZHANJIANG, GD",CGW LOGISTICS CO LIMITED,KURE,RCVD,SWLA,2025/05/12 12:00,GENERAL / HEAVY LIFT CARGO,PANAMA,2025/05/12 22:20,2025/05/12 17:00,,2025/05/12 20:04
9HA5817,9.2,CNC CHEETAH,"LIANYUNGANG, JS",CMA CGM ASIA SHIPPING PTE. LTD.,"SHEKOU, SHENZHEN",RCVD,KC7,2025/05/12 19:00,CONTAINER,MALTA,2025/05/13 06:50,,,2025/05/12 20:06
BFAH8,12.6,RUI NING 8,"BAYUQUAN, LN",SK SHIPPING LIMITED,HAIPHONG,RCVD,SWLA,2025/05/12 18:00,BULK/ WOODCHIP/ CEMENT/ ORE CARRIER,CHINA,2025/05/12 23:30,,,2025/05/12 20:16
VRWW2,10.1,YI HUI LIAN RUN,"CAILAN, VIETNAM",SGS HONG KONG LIMITED,"LONGKOU, SD",RCVD,SELA,2025/05/12 22:00,BULK/ WOODCHIP/ CEMENT/ ORE CARRIER,"HONG KONG, CHINA",2025/05/13 01:15,,,2025/05/12 21:25
VRPU8,6.7,XING SHOU HAI,"YANGJIANG, GD",MINDA SHIPPING (HONG KONG) LIMITED,"OTHER, PHILIPPINES",RCVD,SWLA,2025/05/12 06:00,BULK/ WOODCHIP/ CEMENT/ ORE CARRIER,"HONG KONG, CHINA",2025/05/13 03:27,,,2025/05/12 21:50
3E5913,4.8,YAN GANG 2,"QINZHOU, GX",CGW LOGISTICS CO LIMITED,"WENZHOU, ZJ",RCVD,SELA,2025/05/12 12:00,GENERAL / HEAVY LIFT CARGO,PANAMA,2025/05/13 01:19,2025/05/12 20:00,,2025/05/12 22:03
3E2735,9,XIN YUAN 237,HAIPHONG,OCEAN BASE CO LTD,"DONGGUAN, GD",,SWLA,,CONTAINER,PANAMA,2025/05/13 05:00,2025/05/13 09:52,CC,2025/05/12 22:11
D7VD,7.1,DONGJIN CONTINENTAL,"SHEKOU, SHENZHEN",SINOTRANS (HK) SHIPPING LTD,INCHEON,,SELA,,CONTAINER,REPUBLIC OF KOREA,2025/05/13 04:14,2025/05/13 05:00,PT,2025/05/12 22:43
VRWI3,11.5,OOCL BAUHINIA,"YANTIAN, SHENZHEN",OOCL HONG KONG BRANCH,"YANTIAN, SHENZHEN",RCVD,KC14,2025/05/15 20:00,CONTAINER,"HONG KONG, CHINA",2025/05/13 15:13,2025/05/13 12:00,KC14,2025/05/12 23:10
D7VN,12.5,KMTC COLOMBO,KARACHI,KMTC (HK) CO LIMITED,QINGDAO,RCVD,KC8,2025/05/12 21:00,CONTAINER,REPUBLIC OF KOREA,2025/05/13 16:59,2025/05/13 17:00,KC8,2025/05/12 23:16
VRUN6,14.6,ONE PARANA,"NINGBO, ZJ",OCEAN NETWORK EXPRESS (EAST ASIA) LIMITED,SINGAPORE,RCVD,KC2,2025/05/11 21:00,CONTAINER,"HONG KONG, CHINA",2025/05/13 20:44,2025/05/13 21:00,KC2,2025/05/13 00:30
3E8732,7.1,HUI FENG HAI 17,"TIANJIN XINGANG, TJ",CGW LOGISTICS CO LIMITED,BATAM,RCVD,SWLA,2025/05/12 23:00,GENERAL / HEAVY LIFT CARGO,PANAMA,2025/05/13 10:00,2025/05/13 08:00,SWLA,2025/05/13 00:31
9V6494,11.1,WAN HAI 325,SINGAPORE,HYALINE SHIPPING (HK) CO LTD,KAOHSIUNG,RCVD,KC6,2025/05/12 23:59,CONTAINER,SINGAPORE,2025/05/13 19:41,2025/05/13 18:00,KC6,2025/05/13 01:24
VRMV2,6.3,YUEHAI STAR,"DONGGUAN, GD",CGW LOGISTICS CO LIMITED,"JIANGYIN, JS",RCVD,SLA,2025/05/12 18:00,CHEMICAL,"HONG KONG, CHINA",2025/05/13 07:29,2025/05/13 08:00,SLA,2025/05/13 02:14
V7A2844,7.6,STAR EXPLORER,INCHEON,NAMSUNG SHIPPING HONG KONG LIMITED,HAIPHONG,RCVD,KC10,2025/05/13 06:00,CONTAINER,MARSHALL ISLANDS,2025/05/13 12:56,2025/05/13 13:00,KC10,2025/05/13 02:18
BLHP,8.4,YM IMMENSE,HO CHI MINH CITY,YANG MING LINE (HONG KONG) LTD,KAOHSIUNG,RCVD,KC7,2025/05/13 02:00,CONTAINER,"TAIWAN, CHINA",2025/05/13 10:57,2025/05/13 23:59,KC7,2025/05/13 02:24
9HA5466,13.9,CMA CGM HOPE,"XIAMEN, FJ",CMA CGM (HONG KONG) LIMITED,"NANSHA, PANYU",RCVD,SELA,2025/05/13 04:00,CONTAINER,MALTA,2025/05/13 03:35,,,2025/05/13 03:33
9VFL3,10,ACX DIAMOND,KEELUNG,OCEAN NETWORK EXPRESS (EAST ASIA) LIMITED,PORT KELANG,RCVD,KC5,2025/05/12 16:00,CONTAINER,SINGAPORE,2025/05/13 16:43,2025/05/13 21:00,KC5,2025/05/13 04:06
V7A6216,7.9,TS HAKATA,KAOHSIUNG,T.S. LINES LIMITED,NAN SHA,,KC10,,CONTAINER,MARSHALL ISLANDS,2025/05/13 14:01,2025/05/13 18:00,KC10,2025/05/13 05:21
3E5137,5,CHUNRONG 803,"NANSHA, PANYU",CGW LOGISTICS CO LIMITED,"YANGJIANG, GD",RCVD,SWLA,2025/05/10 23:00,GENERAL / HEAVY LIFT CARGO,PANAMA,2025/05/13 09:28,2025/05/13 11:00,SWLA,2025/05/13 06:08
VRBK8,6.8,OSG BOSSTEC,"SHEKOU, SHENZHEN","UNITRANS AGENCY HONG KONG CO., LIMITED",OPEN SEA,RCVD,PT,2025/05/12 20:00,CONTAINER,"HONG KONG, CHINA",2025/05/13 14:48,2025/05/13 08:00,FL,2025/05/13 07:24
9LU2481,6.2,LIAN YUN 9,TANJUNG PANDANG,BRIGHT CAPITAL SHIPPING CO LIMITED,"QUANZHOU, FJ",RCVD,SWLA,2025/05/11 23:59,GENERAL / HEAVY LIFT CARGO,SIERRA LEONE,2025/05/13 11:45,2025/05/13 16:00,S,2025/05/13 07:26
D7DX,10.3,HEUNG-A HOCHIMINH,"NANSHA, PANYU",KONG HING AGENCY LTD,INCHEON,,KC9,,CONTAINER,REPUBLIC OF KOREA,2025/05/13 16:00,2025/05/13 23:00,PT,2025/05/13 07:43
D7IG,9.05,QINGDAO TRADER,KWANGYANG,SINOKOR HONGKONG CO LIMITED,HAIPHONG,,KC11,,CONTAINER,REPUBLIC OF KOREA,2025/05/13 13:03,2025/05/13 14:00,WL,2025/05/13 08:15
S6ST,4.9,KOTA RATU,KOROR,PACIFIC INTERNATIONAL LINES (HK) LTD,"HUANGPU, GD",RCVD,KC3,2025/05/13 07:00,CONTAINER,SINGAPORE,2025/05/13 14:55,2025/05/13 18:00,PT,2025/05/13 08:34
3E7671,7.6,FU LONG SHENG,"BAYUQUAN, LN",CONCORD MARINE LIMITED,BINTULU,RCVD,SELA,2025/05/13 23:00,GENERAL / HEAVY LIFT CARGO,PANAMA,2025/05/13 12:57,2025/05/13 23:00,E,2025/05/13 08:36
OWYZ2,11.3,MARGRETHE MAERSK,"NINGBO, ZJ",TRANSIT AGENT,TANJUNG PELEPAS,RCVD,KC19,2025/05/11 15:00,CONTAINER,DENMARK,2025/05/13 21:57,,,2025/05/13 08:39
BPAR,11,XIN QING DAO,LAEM CHABANG,COSCO SHIPPING CONTAINER LINE AGENCIES LIMITED,"XIAMEN, FJ",RCVD,KC12,2025/05/13 09:00,CONTAINER,CHINA,2025/05/13 18:31,2025/05/13 21:30,S,2025/05/13 09:14
9V7978,12.7,EVER FUTURE,SINGAPORE,EVERGREEN MARINE (HONG KONG) LTD,"SHANGHAI, SH",RCVD,KC10,2025/05/13 09:00,CONTAINER,SINGAPORE,2025/05/14 03:23,2025/05/13 23:00,S,2025/05/13 10:20
5LES7,9.1,EVER ORIGIN,HO CHI MINH CITY,EVERGREEN MARINE (HONG KONG) LTD,"SHEKOU, SHENZHEN",RCVD,KC7,2025/05/13 09:00,CONTAINER,LIBERIA,2025/05/13 19:54,2025/05/13 23:00,S,2025/05/13 10:28
5LKO9,7.5,LITTLE DOLPHIN,CAGAYAN DE ORO,CMA CGM ASIA SHIPPING PTE. LTD.,"NANSHA, PANYU",RCVD,KC6,2025/05/12 13:00,CONTAINER,LIBERIA,2025/05/13 17:54,,,2025/05/13 11:08
3E2004,6.3,BO YANG TUO ZHAN,"OTHER, JAPAN",MINDA SHIPPING (HONG KONG) LIMITED,DUNG QUAT,RCVD,SELA,2025/05/13 09:00,GENERAL / HEAVY LIFT CARGO,PANAMA,2025/05/13 16:10,2025/05/13 17:00,,2025/05/13 13:41
V7A5992,9.4,SAWASDEE CAPELLA,KWANGYANG,SINOKOR HONGKONG CO LIMITED,SAIGON,RCVD,KC10,2025/05/13 14:30,CONTAINER,MARSHALL ISLANDS,2025/05/14 01:22,2025/05/14 00:30,,2025/05/13 15:35
V7A5926,6.89,FEDERAL KIBUNE,"TIANJIN XINGANG, TJ",SHING FUNG SHIPPING AGENCY CO. LIMITED,,RCVD,YLD,2025/05/11 11:00,BULK/ WOODCHIP/ CEMENT/ ORE CARRIER,MARSHALL ISLANDS,,,,2025/05/11 18:13
5LGW6,9.1,STEPHANIA K,TAICHUNG,OOCL HONG KONG BRANCH,"SHEKOU, SHENZHEN",RCVD,WA2,2025/05/11 17:00,CONTAINER,LIBERIA,2025/05/12 02:21,2025/05/12 12:00,,2025/05/11 18:31
9V6017,7.69,MAERSK XIAMEN,"SHANGHAI, SH",SINOTRANS (HK) SHIPPING LTD,"YANTIAN, SHENZHEN",,KC20,2025/05/11 18:00,CONTAINER,SINGAPORE,2025/05/12 01:45,2025/05/12 02:00,,2025/05/11 18:48
3FXV9,7.1,GREAT WENMING,DUNG QUAT,GRANDFAME SHIP MANAGEMENT LTD,"OTHER, RUSSIAN",RCVD,SELA,2025/05/11 15:00,BULK/ WOODCHIP/ CEMENT/ ORE CARRIER,PANAMA,2025/05/12 05:44,2025/05/11 22:00,,2025/05/11 19:11
5BJW2,7.3,DIMITRIS A,"CHIWAN, SHENZHEN",OCEAN BASE CO LTD,SINGAPORE,,SELA,2025/05/11 08:00,BULK/ WOODCHIP/ CEMENT/ ORE CARRIER,CYPRUS,2025/05/12 00:36,,,2025/05/11 19:29
9V7397,11.5,WAN HAI A02,"SHEKOU, SHENZHEN",HYALINE SHIPPING (HK) CO LTD,"NINGBO, ZJ",,KC10,,CONTAINER,SINGAPORE,2025/05/12 08:29,2025/05/12 08:00,KC10,2025/05/11 19:51
BQEA4,7.1,HUA YANG CHUAN QI,"ZHUHAI, GD",BRIGHT CAPITAL SHIPPING CO LIMITED,TANJUNG BARA,RCVD,SWLA,2025/05/11 23:59,BULK/ WOODCHIP/ CEMENT/ ORE CARRIER,CHINA,2025/05/12 00:38,2025/05/12 08:21,,2025/05/11 20:02
VRSC2,8.1,SITC TOKUYAMA,"SHANGHAI, SH",SITC SHIPPING AGENCY (HK) COMPANY LIMITED,HAIPHONG,RCVD,CMTY,2025/05/11 19:00,CONTAINER,"HONG KONG, CHINA",2025/05/12 09:58,2025/05/12 08:00,,2025/05/11 20:14
VRNE7,12.8,OCEANA,"OTHER, CANADA",WILHELMSEN PORT SERVICES (HONG KONG) LIMITED,OPEN SEA,RCVD,SELA,2025/05/12 00:30,BULK/ WOODCHIP/ CEMENT/ ORE CARRIER,"HONG KONG, CHINA",2025/05/12 10:56,2025/05/11 15:40,,2025/05/11 21:58
9V7577,11.1,WAN HAI 511,KAOHSIUNG,HYALINE SHIPPING (HK) CO LTD,"SHEKOU, SHENZHEN",,WA2,,CONTAINER,SINGAPORE,2025/05/12 08:32,2025/05/12 08:00,KC7,2025/05/11 21:59
9V2332,13.2,CHRISTA SCHULTE,"SHANGHAI, SH",SINOTRANS (HK) SHIPPING LTD,"YANTIAN, GD",,KC18,,CONTAINER,SINGAPORE,2025/05/12 14:31,2025/05/12 15:30,,2025/05/11 22:34
9HA5951,13.9,CMA CGM IVANHOE,"SHANGHAI, SH",CMA CGM (HONG KONG) LIMITED,"SHEKOU, SHENZHEN",RCVD,LCS1,2025/05/11 23:00,CONTAINER,MALTA,2025/05/11 22:37,,,2025/05/11 22:36
9V7381,10.6,WAN HAI 353,BUSAN,HYALINE SHIPPING (HK) CO LTD,TAICHUNG,RCVD,KC13,2025/05/11 20:00,CONTAINER,SINGAPORE,2025/05/12 11:56,2025/05/12 08:00,KC13,2025/05/11 22:46
3EKO7,11.83,GEMINI PEARL,"OTHER, KOREA, R",MARITIME TRANSPORT AGENCY (HONG KONG) LIMITED,"OTHER, VIETNAM",RCVD,EMTY,2025/05/11 01:00,CHEMICAL,PANAMA,2025/05/12 14:54,2025/05/13 08:21,EMTY,2025/05/11 23:08
3E3381,6,V PACIFIC,"YANGJIANG, GD",PENAVICO (HONG KONG) LIMITED,"OTHER, PHILIPPINES",RCVD,SWLA,2025/05/12 05:00,BULK/ WOODCHIP/ CEMENT/ ORE CARRIER,PANAMA,2025/05/12 03:39,,,2025/05/11 23:14
3E2049,7.64,EVER CONNECT,"NANSHA, PANYU",EVERGREEN MARINE (HONG KONG) LTD,"SHEKOU, SHENZHEN",,WA2,,CONTAINER,PANAMA,2025/05/12 23:32,2025/05/12 23:00,KC9,2025/05/12 00:11
2HDG3,11.2,EVER LISSOME,SINGAPORE,EVERGREEN MARINE (HONG KONG) LTD,"YANTIAN, SHENZHEN",,KC8,,CONTAINER,UNITED KINGDOM OF GREAT BRITAIN,2025/05/12 21:34,2025/05/12 23:00,KC8,2025/05/12 00:41
VRJT3,8.4,BULK HARVEST,"SHANGHAI, SH",SK SHIPPING LIMITED,,RCVD,SELA,2025/05/12 04:00,BULK/ WOODCHIP/ CEMENT/ ORE CARRIER,"HONG KONG, CHINA",,,,2025/05/12 00:48
D7SB,9.9,DONGJIN VOYAGER,"SHANGHAI, SH",SINOTRANS (HK) SHIPPING LTD,HAIPHONG,RCVD,KC18,2025/05/12 00:01,CONTAINER,REPUBLIC OF KOREA,2025/05/12 08:34,2025/05/12 09:00,KC18,2025/05/12 01:16
D5TI7,7.1,HONG RUN 6,"OTHER, CHINA (COAST)",P. M. S. HONG KONG LIMITED,"OTHER, RUSSIAN",RCVD,SWLA,2025/05/11 23:30,BULK/ WOODCHIP/ CEMENT/ ORE CARRIER,LIBERIA,2025/05/12 06:41,2025/05/12 18:00,SWLA,2025/05/12 01:20
V7A5710,9.1,TS JAKARTA,KAOHSIUNG,T.S. LINES LIMITED,KEELUNG,,KC10,,CONTAINER,MARSHALL ISLANDS,2025/05/13 04:30,2025/05/12 12:21,KC10,2025/05/12 01:20
3E5352,8.9,SKY CHALLENGE,PUSAN,"CK LINE (HONGKONG) CO., LIMITED","SHEKOU, SHENZHEN",RCVD,KC11,2025/05/11 23:00,CONTAINER,PANAMA,2025/05/12 12:28,2025/05/12 18:00,KC11,2025/05/12 01:24
3E3433,7,SEA GULL 18,"OTHER, CHINA (COAST)",CONCORD MARINE LIMITED,SINGAPORE,RCVD,SLA,2025/05/12 12:00,CHEMICAL,PANAMA,2025/05/12 04:55,2025/05/11 23:00,,2025/05/12 01:50
5LGM7,8.6,EVER ONWARD,DANANG,EVERGREEN MARINE (HONG KONG) LTD,"SHANGHAI, SH",,KC12,,CONTAINER,LIBERIA,2025/05/12 12:27,2025/05/12 23:00,KC12,2025/05/12 01:55
3E2605,6.9,DS EXPRESS 178,"ZHENJIANG, JS","UNITRANS AGENCY HONG KONG CO., LIMITED",OPEN SEA,RCVD,SWLA,2025/05/11 23:59,BULK/ WOODCHIP/ CEMENT/ ORE CARRIER,PANAMA,2025/05/12 06:39,2025/05/12 09:00,SWLA,2025/05/12 02:00
3E4060,5,MARINA SOFIA,"NANSHA, PANYU",PENAVICO (HONG KONG) LIMITED,LAE,RCVD,SWLA,2025/05/11 20:00,MULTI-PURPOSE(SEMI CONT.),PANAMA,2025/05/12 07:52,,,2025/05/12 02:51
9V7801,9.6,EVER WEB,LAEM CHABANG,EVERGREEN MARINE (HONG KONG) LTD,KAOHSIUNG,RCVD,SELA,2025/05/11 13:30,CONTAINER,SINGAPORE,2025/05/12 07:21,,,2025/05/12 03:56
VRGE3,10.8,OOCL LE HAVRE,SINGAPORE,OOCL HONG KONG BRANCH,KAOHSIUNG,RCVD,KC2,2025/05/12 04:00,CONTAINER,"HONG KONG, CHINA",2025/05/12 14:01,2025/05/12 18:00,,2025/05/12 05:10
BG3721,3.2,JIN HAE FA NO 26,KAOHSIUNG,ISM SHIPPING AGENT COMPANY,,,CSWFM,2025/05/12 09:30,FISHING,"TAIWAN, CHINA",,,,2025/05/12 06:25
DSMA4,11.1,KMTC TIANJIN,"SHANGHAI, SH",KMTC (HK) CO LIMITED,PORT KELANG,RCVD,KC6,2025/05/12 02:00,CONTAINER,REPUBLIC OF KOREA,2025/05/13 00:02,2025/05/12 23:00,PT,2025/05/12 07:38
BRWT,7.1,GUANG MAO,GUANGZHOU,SGS HONG KONG LIMITED,GERALDTON,RCVD,SWLA,2025/05/11 23:00,BULK/ WOODCHIP/ CEMENT/ ORE CARRIER,CHINA,2025/05/12 13:22,2025/05/12 23:00,WL,2025/05/12 08:09
5LPH8,14,HUMBOLDT EXPRESS,VALPARAISO,PENAVICO (HONG KONG) LIMITED,"YANTIAN, GD",RCVD,KC5,2025/05/12 06:00,CONTAINER,LIBERIA,2025/05/13 02:59,2025/05/13 02:00,NCPBW,2025/05/12 08:10
9V8480,10.9,KOTA LEKAS,"XIAMEN, FJ",PACIFIC INTERNATIONAL LINES (HK) LTD,"NANSHA, PANYU",RCVD,KC3,2025/05/12 06:00,CONTAINER,SINGAPORE,2025/05/12 17:59,2025/05/12 18:00,WL,2025/05/12 08:16
VRUB8,11.6,EVER ORDER,"FUQING, FJ",EVERGREEN MARINE (HONG KONG) LTD,"YANTIAN, SHENZHEN",RCVD,KC7,2025/05/12 07:00,CONTAINER,"HONG KONG, CHINA",2025/05/12 18:27,2025/05/12 23:00,WL,2025/05/12 08:28
V7BQ2,9,GENCO RESOLUTE,"DALIAN, LN",BEN LINE AGENCIES (HK) LTD,PORT HEDLAND,RCVD,SELA,2025/05/11 17:00,BULK/ WOODCHIP/ CEMENT/ ORE CARRIER,MARSHALL ISLANDS,2025/05/13 04:13,2025/05/12 18:53,E,2025/05/12 08:37
3EHZ9,8.2,KMTC OSAKA,KAOHSIUNG,KMTC (HK) CO LIMITED,KAOHSIUNG,,KC7,,CONTAINER,PANAMA,2025/05/13 00:30,2025/05/12 23:30,WL,2025/05/12 08:50
3E2779,7.5,DE LONG,"DONGGUAN, GD",TEXCO MARINE AGENCY LIMITED,SINGAPORE,RCVD,SWLA,2025/05/11 07:00,BULK/ WOODCHIP/ CEMENT/ ORE CARRIER,PANAMA,2025/05/12 14:20,2025/05/12 14:00,W,2025/05/12 09:08
5BEB4,14.4,MARATHASSA,NEWCASTLE,WELLS MARINE AGENCIES,"ZHANJIANG, GD",RCVD,SELA,2025/05/12 05:00,BULK/ WOODCHIP/ CEMENT/ ORE CARRIER,CYPRUS,2025/05/12 16:49,2025/05/12 12:00,E,2025/05/12 09:14
3E4662,8.2,GT HONOR,ZHANGZHOU,MARITIME TRANSPORT AGENCY (HONG KONG) LIMITED,SINGAPORE,RCVD,SLA,2025/05/12 08:00,"TANKER (CRUDE,FUEL,DIESEL,LUB)",PANAMA,2025/05/12 14:50,,,2025/05/12 10:01
3FPF4,5.2,SAZANKA,OPEN SEA,MOL HONG KONG LIMITED,OPEN SEA,RCVD,SWLA,2025/05/12 10:00,BULK/ WOODCHIP/ CEMENT/ ORE CARRIER,PANAMA,2025/05/12 15:54,2025/05/12 21:00,S,2025/05/12 10:14
VRRH2,11.9,FOREVER GLORY,"DALIAN, LN",MARITIME TRANSPORT AGENCY (HONG KONG) LIMITED,SINGAPORE,RCVD,PAFF,2025/05/12 08:00,"TANKER (CRUDE,FUEL,DIESEL,LUB)","HONG KONG, CHINA",2025/05/13 15:17,2025/05/13 18:00,PAFF,2025/05/12 10:33
OYLF2,7.9,NIMTOFTE MAERSK,HO CHI MINH CITY,PENAVICO (HONG KONG) LIMITED,"NANSHA, PANYU",RCVD,NLA,2025/05/12 09:30,CONTAINER,DENMARK,2025/05/13 23:12,2025/05/12 20:00,,2025/05/12 10:43
VRTB6,6.5,SEAL ISLAND,KAOHSIUNG,WILHELMSEN PORT SERVICES (HONG KONG) LIMITED,OPEN SEA,RCVD,SELA,2025/05/12 12:00,BULK/ WOODCHIP/ CEMENT/ ORE CARRIER,"HONG KONG, CHINA",2025/05/12 19:43,2025/05/13 13:36,,2025/05/12 10:52
9V2252,9,CHANYA NAREE,"OTHER, VIETNAM","SEACON SHIPMANAGE (HK) CO., LIMITED",KOTA KINABALU,RCVD,SWLA,2025/05/12 10:00,BULK/ WOODCHIP/ CEMENT/ ORE CARRIER,SINGAPORE,2025/05/13 00:56,,,2025/05/12 10:53
3E6634,7,HAN HANG DA JIAN,"NANTONG, JS",UNKNOWN AGENT,SINGAPORE,RCVD,SELA,2025/05/10 23:00,OTHER,PANAMA,2025/05/12 15:12,,,2025/05/12 11:11
9V5866,8.6,TAURUS,QINGDAO,INCHCAPE SHIPPING SERVICES (HK) LTD,KUANTAN,RCVD,SELA,2025/05/12 14:00,BULK/ WOODCHIP/ CEMENT/ ORE CARRIER,SINGAPORE,2025/05/12 17:13,2025/05/12 23:55,,2025/05/12 12:26
3E4026,9.1,STR LUCKY,MURORAN,GREEN ISLAND SHIPPING AGENCY LTD,NAURU ISLAND,RCVD,CCM,2025/05/12 10:00,BULK/ WOODCHIP/ CEMENT/ ORE CARRIER,PANAMA,2025/05/15 09:59,2025/05/15 23:00,CCM,2025/05/12 12:34
3E4003,9,SUNFLYTE,"SHEKOU, SHENZHEN",OCEAN BASE CO LTD,OPEN SEA,RCVD,SLA,2025/05/11 12:00,CHEMICAL,PANAMA,2025/05/12 19:19,2025/05/12 15:10,W,2025/05/12 12:44
V7KN6,7,ZIRCON,"SHEKOU, SHENZHEN",OCEANUS MARITIME COMPANY LIMITED,OPEN SEA,RCVD,SLA,2025/05/12 16:00,CHEMICAL,MARSHALL ISLANDS,2025/05/13 03:47,2025/05/12 12:00,LKTPBW5,2025/05/12 14:29
DSOA8,8.8,KMTC JAKARTA,"NANSHA, PANYU",KMTC (HK) CO LIMITED,"XIAMEN, FJ",,KC11,,CONTAINER,REPUBLIC OF KOREA,2025/05/12 23:42,,,2025/05/12 14:49
D5FG7,13.9,DENEB,"OTHER, INDONESIA",SGS HONG KONG LIMITED,"SHANWEI, GD",RCVD,SELA,2025/05/12 16:00,BULK/ WOODCHIP/ CEMENT/ ORE CARRIER,LIBERIA,2025/05/12 18:06,2025/05/13 12:00,,2025/05/12 15:00
9V8378,10.9,INTERASIA ENHANCE,"ZHANJIANG, GD",HYALINE SHIPPING (HK) CO LTD,"NANSHA, PANYU",RCVD,SELA,2025/05/12 14:00,CONTAINER,SINGAPORE,2025/05/12 17:01,2025/05/12 18:00,,2025/05/12 17:00
D5WB7,10.5,MANET,PORT KLANG,OOCL HONG KONG BRANCH,"SHEKOU, SHENZHEN",RCVD,KC6,2025/05/12 16:30,CONTAINER,LIBERIA,2025/05/13 04:02,2025/05/13 09:00,LKTPBS,2025/05/12 17:31
3EVM4,7,KLARA,GUANGZHOU,S5 ASIA LIMITED,BINTULU,RCVD,SLA,2025/05/10 15:00,CHEMICAL,PANAMA,2025/05/11 07:29,2025/05/11 02:00,,2025/05/10 19:03
BPRY,11.7,HUA HAI 21,YANGPU,VASTON SHIPPING AGENCY LIMITED,"HUANGPU, GD",RCVD,SINO,2025/05/10 18:00,"TANKER (CRUDE,FUEL,DIESEL,LUB)",CHINA,2025/05/11 19:51,2025/05/11 23:00,SINO,2025/05/10 20:05
D5BL2,7.12,LITO,"HUANGPU, GD",WILHELMSEN PORT SERVICES (HONG KONG) LIMITED,SAMARINDA,,SWLA,,BULK/ WOODCHIP/ CEMENT/ ORE CARRIER,LIBERIA,2025/05/11 04:06,2025/05/11 16:22,,2025/05/10 20:05
9V7865,9.2,WAN HAI 373,CAT LAI PORT,HYALINE SHIPPING (HK) CO LTD,"DALIAN, LN",RCVD,KC7,2025/05/10 20:00,CONTAINER,SINGAPORE,2025/05/11 06:53,2025/05/11 08:00,,2025/05/10 20:16
V7A2823,12,TS SINGAPORE,"SHANTOU, GD",CMA CGM ASIA SHIPPING PTE. LTD.,"SHEKOU, SHENZHEN",,LCS1,,CONTAINER,MARSHALL ISLANDS,2025/05/10 00:32,,,2025/05/10 00:29
XVEQ7,7.3,HAIAN LINK,HAIPHONG,MEGATOP AGENCY LIMITED,"NANSHA, PANYU",RCVD,KC10,2025/05/16 23:30,CONTAINER,VIETNAM,2025/05/11 09:28,2025/05/11 18:00,KC10,2025/05/10 20:39
TJM5224,4.5,HALCYON,INCHEON,YIU LIAN DOCKYARDS LTD,INCHEON,RCVD,CMTY,2025/05/10 21:00,CONTAINER,CAMEROON,2025/05/11 06:01,,,2025/05/10 21:14
5LCM6,8.6,MSC TARA III,DAVAO,MEDITERRANEAN SHIPPING COMPANY (HONG KONG) LIMITED,"YANTIAN, SHENZHEN",RCVD,KC2,2025/05/10 08:00,CONTAINER,LIBERIA,2025/05/11 06:05,2025/05/11 15:00,S,2025/05/10 22:19
XVOV,4.8,SAI GON GAS,"DONGGUAN, GD",BEN LINE AGENCIES (HK) LTD,HAIPHONG,RCVD,SLA,2025/05/10 21:00,LIQUIFIED PETROLEUM GAS TANKER,VIETNAM,2025/05/11 01:16,2025/05/11 02:00,,2025/05/10 22:20
9HA5092,10.7,AFRA ROSSI,SINGAPORE,VASTON SHIPPING AGENCY LIMITED,SINGAPORE,RCVD,SINO,2025/05/11 08:00,"TANKER (CRUDE,FUEL,DIESEL,LUB)",MALTA,2025/05/14 02:02,2025/05/13 08:00,SINO,2025/05/10 23:40
VRTE8,7.4,CUL HAIPHONG,"SHANTOU, GD","UNITRANS AGENCY HONG KONG CO., LIMITED","NANSHA, PANYU",RCVD,SELA,2025/05/10 22:00,CONTAINER,"HONG KONG, CHINA",2025/05/11 00:00,2025/05/10 23:00,,2025/05/10 23:58
9V6513,9.7,WAN HAI 293,CAT LAI PORT,HYALINE SHIPPING (HK) CO LTD,"CHIWAN, SHENZHEN",RCVD,WA2,2025/05/10 23:00,CONTAINER,SINGAPORE,2025/05/11 12:29,2025/05/11 12:00,KC6,2025/05/11 00:13
5LFU8,8.5,WAN HAI 178,HAIPHONG,HYALINE SHIPPING (HK) CO LTD,"SHEKOU, SHENZHEN",RCVD,KC6,2025/05/16 05:30,CONTAINER,LIBERIA,2025/05/11 08:56,2025/05/12 05:00,KC6,2025/05/11 00:46
5LCT5,9.2,AS ANNE,TAICHUNG,OOCL HONG KONG BRANCH,"SHEKOU, SHENZHEN",RCVD,KC11,2025/05/10 23:00,CONTAINER,LIBERIA,2025/05/11 05:57,2025/05/12 14:00,KC11,2025/05/11 01:16
5LGV4,10.5,YM TRILLION,KAOHSIUNG,YANG MING LINE (HONG KONG) LTD,"YANTIAN, SHENZHEN",,KC5,,CONTAINER,LIBERIA,2025/05/11 12:55,2025/05/11 09:00,KC5,2025/05/11 01:47
V7IL7,7,BANASTAR,"OTHER, CHINA (COAST)",WILHELMSEN PORT SERVICES (HONG KONG) LIMITED,BALIKPAPAN,,SWLA,,BULK/ WOODCHIP/ CEMENT/ ORE CARRIER,MARSHALL ISLANDS,2025/05/11 10:57,2025/05/11 11:25,SWLA,2025/05/11 02:17
2BOK5,11.3,COSCO ROTTERDAM,"XIAMEN, FJ",COSCO SHIPPING CONTAINER LINE AGENCIES LIMITED,"SHEKOU, SHENZHEN",,WA2,,CONTAINER,UNITED KINGDOM OF GREAT BRITAIN,2025/05/11 17:40,2025/05/11 23:00,KC,2025/05/11 02:35
C6EX3,7.4,IFESTOS,GUANGZHOU,OCEAN DRAGON AGENCY COMPANY LIMITED,OPEN SEA,RCVD,SELA,2025/05/10 17:00,BULK/ WOODCHIP/ CEMENT/ ORE CARRIER,BAHAMAS,2025/05/11 04:31,2025/05/11 02:00,,2025/05/11 03:00
BKLH,10.8,EVER BEADY,LAEM CHABANG,EVERGREEN MARINE (HONG KONG) LTD,KAOHSIUNG,,KC10,,CONTAINER,"TAIWAN, CHINA",2025/05/11 11:02,2025/05/11 23:00,KC10,2025/05/11 03:13
BPPH3,8.6,GUO SHUN 28,"ZHENJIANG, JS",CGW LOGISTICS CO LIMITED,LHOKSOUMAWE,RCVD,SWLA,2025/05/11 04:00,GENERAL / HEAVY LIFT CARGO,CHINA,2025/05/11 09:49,2025/05/11 15:00,SWLA,2025/05/11 04:07
D5UF8,8.5,ESL WALRUS,"ZHUHAI, GD",PENAVICO (HONG KONG) LIMITED,"DAMPIER, AUSTRALIA",,SELA,,BULK/ WOODCHIP/ CEMENT/ ORE CARRIER,LIBERIA,2025/05/11 13:30,2025/05/11 11:00,SELA,2025/05/11 04:49
3FAT7,5.8,JIAN RUI 7,"OTHER, CHINA (COAST)",EVER WIN INTERNATIONAL SHIPPING CO. LIMITED,"OTHER, JAPAN",RCVD,SWLA,2025/05/10 18:00,GENERAL / HEAVY LIFT CARGO,PANAMA,2025/05/11 08:51,2025/05/11 18:00,W,2025/05/11 05:42
5LEI2,8,CHINOOK OLDENDORFF,"FANGCHENG, GX",BEN LINE AGENCIES (HK) LTD,VANCOUVER,,SELA,,BULK/ WOODCHIP/ CEMENT/ ORE CARRIER,LIBERIA,2025/05/11 11:50,2025/05/11 18:42,SELA,2025/05/11 06:01
3E7593,6.5,TONGYUN12,DUNG QUAT,CGW LOGISTICS CO LIMITED,"OTHER, KOREA, R",RCVD,SWLA,2025/05/10 23:00,GENERAL / HEAVY LIFT CARGO,PANAMA,2025/05/11 11:37,2025/05/11 14:00,S,2025/05/11 07:43
9V8604,8.8,MAERSK KEELUNG ,CEBU,PENAVICO (HONG KONG) LIMITED,BATANGAS,RCVD,KC18,2025/05/10 09:00,CONTAINER,SINGAPORE,2025/05/11 20:14,,,2025/05/11 07:50
HOKL,4.8,EARNEST CRANE,SUBIC BAY,CERTAIN EXPRESS INTERNATIONAL LIMITED,"DONGGUAN, GD",RCVD,SWLA,2025/05/11 08:00,GENERAL / HEAVY LIFT CARGO,PANAMA,2025/05/11 13:42,,,2025/05/11 08:14
3E7175,6.2,LAN HAI FANG ZHOU,"OTHER, VIETNAM",CGW LOGISTICS CO LIMITED,"OTHER, KOREA, R",RCVD,SELA,2025/05/10 23:00,GENERAL / HEAVY LIFT CARGO,PANAMA,2025/05/11 12:58,2025/05/11 13:00,S,2025/05/11 08:20
9M3120,8.5,MTT PELEPAS,"NINGBO, ZJ",EVERGREEN MARINE (HONG KONG) LTD,SIHANOUK VILLE,RCVD,KC6,2025/05/11 07:00,CONTAINER,MALAYSIA,2025/05/11 16:04,2025/05/11 23:00,WL,2025/05/11 09:44
V7DC5,7.6,TS OSAKA,"ZHAOQING, GD",T.S. LINES LIMITED,"NINGBO, ZJ",,KC18,2025/05/10 12:08,CONTAINER,MARSHALL ISLANDS,2025/05/11 17:56,2025/05/11 12:08,,2025/05/11 09:52
D5ML2,10.25,KMTC BANGKOK,PUSAN,KMTC (HK) CO LIMITED,HO CHI MINH CITY,RCVD,KC9,2025/05/11 02:00,CONTAINER,LIBERIA,2025/05/11 20:57,2025/05/11 22:00,E,2025/05/11 10:04
5LID5,9.3,MSC MAKALU III,"QINZHOU, GX",MEDITERRANEAN SHIPPING COMPANY (HONG KONG) LIMITED,"FUZHOU, MAWEI, FJ",,KC2,2025/05/11 08:00,CONTAINER,LIBERIA,2025/05/11 22:30,2025/05/12 02:30,,2025/05/11 10:13
BPIF2,5,SHENG HANG HUA 12,"QUANZHOU, FJ",MARITIME TRANSPORT AGENCY (HONG KONG) LIMITED,SINGAPORE,RCVD,SLA,2025/05/11 06:00,CHEMICAL,CHINA,2025/05/11 18:51,2025/05/12 11:00,,2025/05/11 10:50
D7KO,8.9,HEUNG-A SARAH,INCHEON,KONG HING AGENCY LTD,HAIPHONG,RCVD,KC11,2025/05/11 07:00,CONTAINER,REPUBLIC OF KOREA,2025/05/11 16:30,2025/05/11 18:00,,2025/05/11 11:12
A8KS9,8.22,YM IMPROVEMENT,KAOHSIUNG,YANG MING LINE (HONG KONG) LTD,LAEM CHABANG,RCVD,KC8,2025/05/11 10:00,CONTAINER,LIBERIA,2025/05/11 18:56,2025/05/11 22:00,,2025/05/11 11:16
VRTV9,11,EVER OCEAN,KUANTAN,EVERGREEN MARINE (HONG KONG) LTD,KAOHSIUNG,RCVD,KC9,2025/05/11 11:00,CONTAINER,"HONG KONG, CHINA",2025/05/11 23:15,2025/05/11 23:00,,2025/05/11 12:33
V3IU3,5,YUAN CHEN 27,CAMPHA,"ZHONGXIN INTERNATIONAL GROUP CO., LIMITED",KOCHI,,SWLA,,GENERAL / HEAVY LIFT CARGO,BELIZE,2025/05/11 16:14,2025/05/11 20:00,,2025/05/11 13:28
D5SM5,7.2,HC FORWARD,"DONGGUAN, GD",SGS HONG KONG LIMITED,"OTHER, INDONESIA",RCVD,SELA,2025/05/10 23:00,BULK/ WOODCHIP/ CEMENT/ ORE CARRIER,LIBERIA,2025/05/11 17:39,2025/05/11 12:00,,2025/05/11 13:47
9V7380,8.2,WAN HAI 352,"SHANTOU, GD",HYALINE SHIPPING (HK) CO LTD,"NANSHAN, FJ",,SELA,2025/05/11 12:00,CONTAINER,SINGAPORE,2025/05/11 14:23,2025/05/11 22:00,,2025/05/11 14:22
3E2094,7.45,EVER OPUS,HAIPHONG,EVERGREEN MARINE (HONG KONG) LTD,"XINGANG, TIANJIN, TJ",RCVD,KC10,2025/05/10 18:45,CONTAINER,PANAMA,2025/05/11 21:05,,,2025/05/11 14:29
BPKJ,9.3,XIN WEN ZHOU,"NINGBO, ZJ",COSCO SHIPPING CONTAINER LINE AGENCIES LIMITED,"SHEKOU, SHENZHEN",RCVD,KC12,2025/05/11 14:00,CONTAINER,CHINA,2025/05/12 00:04,,,2025/05/11 14:49
5LNQ4,10.9,MSC MAGNITUDE VII,"NANSHA, PANYU",MEDITERRANEAN SHIPPING COMPANY (HONG KONG) LIMITED,"YANTIAN, SHENZHEN",,KC5,2025/05/11 13:00,CONTAINER,LIBERIA,2025/05/12 04:12,2025/05/12 01:00,W,2025/05/11 15:13
3E5420,8.93,CELESTE ACE ,SINGAPORE,MOL HONG KONG LIMITED,"SHANGHAI, SH",RCVD,KC16,2025/05/11 18:00,CAR CARRIER,PANAMA,2025/05/11 20:27,2025/05/11 20:00,,2025/05/11 15:37
2IEC6,8.67,BERGE HENG SHAN,"SHEKOU, SHENZHEN",GULF AGENCY CO (HK) LTD,PORT HEDLAND,RCVD,SELA,2025/05/11 15:00,BULK/ WOODCHIP/ CEMENT/ ORE CARRIER,ISLE OF MAN,2025/05/12 00:46,2025/05/12 15:00,W,2025/05/11 15:54
BIAZ4,13.26,HE MING,"TABONEO, INDONESIA",WILHELMSEN PORT SERVICES (HONG KONG) LIMITED,,RCVD,HKE,2025/05/11 16:00,BULK/ WOODCHIP/ CEMENT/ ORE CARRIER,CHINA,,,,2025/05/11 16:00
3E6888,8.1,HONG YI DA 9,"ZHENHAI, ZJ",MINDA SHIPPING (HONG KONG) LIMITED,"QINZHOU, GX",RCVD,SELA,2025/05/11 16:00,BULK/ WOODCHIP/ CEMENT/ ORE CARRIER,PANAMA,2025/05/11 19:22,,,2025/05/11 16:03
VROA2,12.66,KELLETT ISLAND,NEWCASTLE,PENAVICO (HONG KONG) LIMITED,"NANSHA, PANYU",RCVD,SWLA,2025/05/11 15:00,BULK/ WOODCHIP/ CEMENT/ ORE CARRIER,"HONG KONG, CHINA",2025/05/11 23:13,2025/05/11 23:00,,2025/05/11 16:05
3E5348,7.5,SHENG HONG 12,"DONGGUAN, GD",TEXCO MARINE AGENCY LIMITED,SINGAPORE,,SWLA,2025/05/11 15:01,GENERAL / HEAVY LIFT CARGO,PANAMA,2025/05/11 18:17,2025/05/12 14:00,,2025/05/11 16:07
3E4766,5,KANG SHUN HUI HUANG,"WENZHOU, ZJ",CGW LOGISTICS CO LIMITED,"QINZHOU, GX",RCVD,SELA,2025/05/11 18:00,GENERAL / HEAVY LIFT CARGO,PANAMA,2025/05/11 20:35,2025/05/11 23:00,,2025/05/11 17:33
9V8259,8,KOTA HAPAS,NAN SHA,PACIFIC INTERNATIONAL LINES (HK) LTD,LAE,RCVD,KC3,2025/05/11 15:00,CONTAINER,SINGAPORE,2025/05/12 06:27,2025/05/12 06:00,,2025/05/11 17:36
S9Z20,4.3,HOANG TRIEU 99,"CAILAN, VIETNAM",CGW LOGISTICS CO LIMITED,"CAILAN, VIETNAM",,TY/E,,GENERAL / HEAVY LIFT CARGO,SAO TOME & PRINCIPE,2025/05/15 16:50,,,2025/05/09 18:05
5BQU6,6.7,MSC WEST V,"SHEKOU, SHENZHEN",MEDITERRANEAN SHIPPING COMPANY (HONG KONG) LIMITED,"NINGBO, ZJ",,SELA,,CONTAINER,CYPRUS,2025/05/10 00:23,,,2025/05/09 18:51
V7A7426,9.3,TS QINGDAO,LAEM CHABANG,T.S. LINES LIMITED,"SHANGHAI, SH",,KC10,,CONTAINER,MARSHALL ISLANDS,2025/05/10 06:03,,,2025/05/09 19:05
BPNF,10.9,XIN ZHANG ZHOU,"NINGBO, ZJ",COSCO SHIPPING CONTAINER LINE AGENCIES LIMITED,"SHEKOU, SHENZHEN",,KC14,,CONTAINER,CHINA,2025/05/10 05:58,,,2025/05/09 19:45
BORJ2,5.6,HONG QING,"OTHER, MALAYSIA",INCHCAPE SHIPPING SERVICES (HK) LTD,TANJUNG BARA,,EMTY,,LIQUIFIED PETROLEUM GAS TANKER,CHINA,2025/05/11 00:58,2025/05/11 02:00,SLA,2025/05/09 19:50
9V9570,9,NINGBO INNOVATION,GUANGZHOU,SHK AGENCY LIMITED,"OTHER, INDONESIA",,SWLA,,BULK/ WOODCHIP/ CEMENT/ ORE CARRIER,SINGAPORE,2025/05/10 01:26,,,2025/05/09 20:14
TRBZ3,2.9,FANG ZHOU 23 ,"SHENZHEN, GD","UNITRANS AGENCY HONG KONG CO., LIMITED",OPEN SEA,,SWLA,,CONTAINER,GABON,2025/05/09 22:06,,,2025/05/09 20:18
3FTB3,6.4,EVER CLEAR,"SHEKOU, SHENZHEN",EVERGREEN MARINE (HONG KONG) LTD,"SHEKOU, SHENZHEN",RCVD,WA2,2025/05/11 14:30,CONTAINER,PANAMA,2025/05/10 11:28,2025/05/10 23:00,KC9,2025/05/09 20:52
3E5221,9.2,HAO HAI JI YUN,QINGDAO,"UNITRANS AGENCY HONG KONG CO., LIMITED","NANSHA, PANYU",,SELA,,CONTAINER,PANAMA,2025/05/09 21:40,,,2025/05/09 21:38
9V6516,8.8,WAN HAI 295,"SHEKOU, SHENZHEN",HYALINE SHIPPING (HK) CO LTD,"SHEKOU, SHENZHEN",RCVD,KC9,2025/05/11 11:30,CONTAINER,SINGAPORE,2025/05/10 08:59,2025/05/10 08:00,KC9,2025/05/09 22:23
3FEH3,7.1,IKAN BELANAK,"SHANWEI, GD",SK SHIPPING LIMITED,,,SWLA,,BULK/ WOODCHIP/ CEMENT/ ORE CARRIER,PANAMA,,,,2025/05/09 22:43
9V3220,9.1,INTERASIA VISION,"SHANGHAI, SH",HYALINE SHIPPING (HK) CO LTD,"SHEKOU, SHENZHEN",,TSK,,CONTAINER,SINGAPORE,2025/05/09 22:57,,,2025/05/09 22:56
V3QT6,6,ACE GOLD,"QINZHOU, GX",Y & W SHIPPING COMPANY LIMITED,OPEN SEA,,SWLA,,GENERAL / HEAVY LIFT CARGO,BELIZE,2025/05/10 06:47,,,2025/05/09 23:09
A8TT4,10.5,RIO KOBE,"NINGBO, ZJ",PENAVICO (HONG KONG) LIMITED,JAKARTA,,SELA,,CONTAINER,LIBERIA,2025/05/10 03:41,,,2025/05/09 23:26
9V7821,8,EVER VERSE,GUANGZHOU,EVERGREEN MARINE (HONG KONG) LTD,"SHANGHAI, SH",,SWLA,,CONTAINER,SINGAPORE,2025/05/10 12:36,2025/05/10 23:00,SWLA,2025/05/10 00:42
3FDM5,7.6,HOUYOSHI EXPRESS II,YANGPU,VASTON SHIPPING AGENCY LIMITED,YANGPU,RCVD,PAFF,2025/05/16 18:00,CHEMICAL,PANAMA,2025/05/11 15:25,2025/05/11 15:00,PAFF,2025/05/10 00:43
V7A7350,11,TS MELBOURNE,"SHEKOU, SHENZHEN",T.S. LINES LIMITED,SYDNEY,,SELA,,CONTAINER,MARSHALL ISLANDS,2025/05/10 04:37,,,2025/05/10 00:48
T8A4996,8,DATU HONOR,HUIZHOUGANG,OCEAN BASE CO LTD,HAIPHONG,,SWLA,,CONTAINER,REPUBLIC OF PALAU,2025/05/10 04:17,,,2025/05/10 00:50
V3WR4,5.8,XIN ZHONG RUI 7,HONGAI,BRIGHT CAPITAL SHIPPING CO LIMITED,INCHEON,,SWLA,,GENERAL / HEAVY LIFT CARGO,BELIZE,2025/05/10 07:20,2025/05/10 09:00,SWLA,2025/05/10 01:05
3EIC,7,XINDE HONOR,GUANGZHOU,SGS HONG KONG LIMITED,OPEN SEA,,SELA,,BULK/ WOODCHIP/ CEMENT/ ORE CARRIER,PANAMA,2025/05/10 07:07,2025/05/10 08:00,SELA,2025/05/10 01:27
3FQL8,5.5,HAYABUSA,"HUANGPU, GD",NS UNITED SHIPPING (HK) CO LIMITED,OPEN SEA,,SWLA,,GENERAL / HEAVY LIFT CARGO,PANAMA,2025/05/10 05:23,2025/05/10 10:00,PT,2025/05/10 01:46
9VJQ2,8.1,PANJA BHUM,HAIPHONG,SINOTRANS (HK) SHIPPING LTD,"NINGBO, ZJ",,CMTY,,CONTAINER,SINGAPORE,2025/05/10 14:28,2025/05/10 14:30,CMTY,2025/05/10 02:15
3E7203,5,GOLDEN FOREST,JEBEL ALI,E & M AGENCY LIMITED,"NANSHA, PANYU",,SWLA,,RORO/REEFER CARRIER,PANAMA,2025/05/10 10:49,2025/05/10 12:00,SWLA,2025/05/10 02:47
9V7683,9.1,WAN HAI 176,KAOHSIUNG,HYALINE SHIPPING (HK) CO LTD,LAEM CHABANG,,KC10,,CONTAINER,SINGAPORE,2025/05/10 10:18,2025/05/10 14:00,KC10,2025/05/10 02:51
3FAD8,9.5,BAI CHAY BRIDGE,"XIAMEN, FJ",OCEAN NETWORK EXPRESS (EAST ASIA) LIMITED,"SHEKOU, SHENZHEN",,KC7,,CONTAINER,PANAMA,2025/05/10 18:43,2025/05/10 10:00,KC7,2025/05/10 03:23
V7AM3,14,MIYAMA,NEWCASTLE,WELLS MARINE AGENCIES,"QINZHOU, GX",,SELA,,BULK/ WOODCHIP/ CEMENT/ ORE CARRIER,MARSHALL ISLANDS,2025/05/10 10:06,2025/05/10 07:30,SELA,2025/05/10 03:33
9V7853,9.9,WAN HAI 368,YOKOHAMA,HYALINE SHIPPING (HK) CO LTD,"SHEKOU, SHENZHEN",,WA2,,CONTAINER,SINGAPORE,2025/05/10 20:39,2025/05/10 19:00,KC10,2025/05/10 03:59
V7A7436,8.3,TS JOHOR,"SHEKOU, SHENZHEN",T.S. LINES LIMITED,"SHEKOU, SHENZHEN",RCVD,KC7,2025/05/11 07:30,CONTAINER,MARSHALL ISLANDS,2025/05/10 14:56,2025/05/11 09:24,KC7,2025/05/10 04:05
9V7392,10.9,WAN HAI 360,KAOHSIUNG,HYALINE SHIPPING (HK) CO LTD,"NANSHA, PANYU",,KC6,,CONTAINER,SINGAPORE,2025/05/10 13:56,2025/05/10 14:00,WA,2025/05/10 06:37
3EEF9,6.45,EVER CROWN,"SHEKOU, SHENZHEN",EVERGREEN MARINE (HONG KONG) LTD,HAIPHONG,,KC8,,CONTAINER,PANAMA,2025/05/10 16:00,,,2025/05/10 07:06
BVND5,8.9,XIN BIN ZHOU,"SHANTOU, GD",MEDITERRANEAN SHIPPING COMPANY (HONG KONG) LIMITED,"SHEKOU, SHENZHEN",,KC2,,CONTAINER,CHINA,2025/05/10 18:59,2025/05/10 16:30,NCPBS,2025/05/10 07:19
BPBC,13.6,XIN CHI WAN,QINGDAO,COSCO SHIPPING CONTAINER LINE AGENCIES LIMITED,"SHEKOU, SHENZHEN",,KC12,,CONTAINER,CHINA,2025/05/10 16:57,2025/05/10 17:00,PT,2025/05/10 07:37
D5IZ9,8.2,SPECTRUM N,MANILA,OOCL HONG KONG BRANCH,"SHEKOU, SHENZHEN",RCVD,KC10,2025/05/10 06:30,CONTAINER,LIBERIA,2025/05/10 23:05,,,2025/05/10 07:51
VRNW3,11,NEW PEACE,ZHOUSHAN,WALLEM SHIPPING (HK) LTD,SINGAPORE,RCVD,SLA,2025/05/10 08:00,"TANKER (CRUDE,FUEL,DIESEL,LUB)","HONG KONG, CHINA",2025/05/10 13:06,2025/05/10 16:00,PT,2025/05/10 08:19
9LU2780,6.9,YONG SHUN,"OTHER, CHINA (COAST)","UNITRANS AGENCY HONG KONG CO., LIMITED",OPEN SEA,RCVD,SELA,2025/05/10 08:00,BULK/ WOODCHIP/ CEMENT/ ORE CARRIER,SIERRA LEONE,2025/05/10 13:39,2025/05/10 20:00,WL,2025/05/10 08:26
OXCQ2,12,SAN ANTONIO MAERSK,SINGAPORE,PENAVICO (HONG KONG) LIMITED,"SHANGHAI, SH",RCVD,KC18,2025/05/10 07:00,CONTAINER,DENMARK,2025/05/10 22:42,2025/05/10 23:00,WL,2025/05/10 08:29
H3UD,11.9,AKANE,MAILIAO,GULF AGENCY CO (HK) LTD,SINGAPORE,,EMTY,,"TANKER (CRUDE,FUEL,DIESEL,LUB)",PANAMA,2025/05/13 22:26,,,2025/05/10 09:24
V7A2845,6.8,STAR FRONTIER,INCHEON,NAMSUNG SHIPPING HONG KONG LIMITED,HAIPHONG,RCVD,KC4,2025/05/10 08:00,CONTAINER,MARSHALL ISLANDS,2025/05/10 21:58,2025/05/10 23:00,E,2025/05/10 09:53
DSIJ9,6.3,WOO JONG,"OTHER, CHINA (COAST)",PENAVICO (HONG KONG) LIMITED,ULSAN,RCVD,SINO,2025/05/10 18:00,"TANKER (CRUDE,FUEL,DIESEL,LUB)",REPUBLIC OF KOREA,2025/05/11 02:02,2025/05/11 04:00,E,2025/05/10 09:58
VRWJ6,4,JIAN YANG HUA HAI,"OTHER, VIETNAM",CGW LOGISTICS CO LIMITED,"ZHENJIANG, JS",RCVD,SWLA,2025/05/10 10:00,BULK/ WOODCHIP/ CEMENT/ ORE CARRIER,"HONG KONG, CHINA",2025/05/10 15:54,2025/05/10 15:00,,2025/05/10 10:29
ELXX8,13.1,SANTA CRUZ I,SINGAPORE,VASTON SHIPPING AGENCY LIMITED,SINGAPORE,RCVD,EMTY,2025/05/10 09:00,"TANKER (CRUDE,FUEL,DIESEL,LUB)",LIBERIA,2025/05/12 04:51,2025/05/12 12:00,EMTY,2025/05/10 10:35
9V7396,9.5,WAN HAI A01,"SHEKOU, SHENZHEN",HYALINE SHIPPING (HK) CO LTD,"NINGBO, ZJ",RCVD,KC9,2025/05/10 09:00,CONTAINER,SINGAPORE,2025/05/10 23:01,2025/05/10 23:00,W,2025/05/10 11:01
3E6776,4.1,LONG SHENG 16,"BEIHAI, SHACHENG, GX",EAST HARBOUR NAVIGATION CO LTD,"OTHER, VIETNAM",RCVD,PSSA,2025/05/10 10:00,GENERAL / HEAVY LIFT CARGO,PANAMA,2025/05/12 02:27,,,2025/05/10 11:07
5LAR7,8.6,MSC SHAHAR,SYDNEY,MEDITERRANEAN SHIPPING COMPANY (HONG KONG) LIMITED,"YANTIAN, SHENZHEN",RCVD,KC1,2025/05/10 10:00,CONTAINER,LIBERIA,2025/05/10 22:03,2025/05/10 22:00,E,2025/05/10 11:24
3FMB6,8.8,TRANS HARMONY 1,NAGOYA,WILHELMSEN PORT SERVICES (HONG KONG) LIMITED,"HUANGPU, GD",RCVD,KC16,2025/05/10 10:30,CAR CARRIER,PANAMA,2025/05/10 17:01,2025/05/11 09:16,,2025/05/10 12:02
3EWL5,7,COMO GLORY ,"TIANJIN XINGANG, TJ",GULF AGENCY CO (HK) LTD,CAMPHA,RCVD,SELA,2025/05/10 10:00,BULK/ WOODCHIP/ CEMENT/ ORE CARRIER,PANAMA,2025/05/10 17:06,2025/05/10 15:00,,2025/05/10 13:10
VRUW7,8.2,CUL LAEMCHABANG,ZHOUSHAN,"UNITRANS AGENCY HONG KONG CO., LIMITED","NANSHA, PANYU",RCVD,SELA,2025/05/10 14:00,CONTAINER,"HONG KONG, CHINA",2025/05/10 16:09,2025/05/10 17:00,,2025/05/10 16:08
V7QK4,14.33,ULTRA JAGUAR,ABBOT POINT,CONCORD MARINE LIMITED,HONGAI,RCVD,SELA,2025/05/11 07:00,BULK/ WOODCHIP/ CEMENT/ ORE CARRIER,MARSHALL ISLANDS,2025/05/10 20:29,2025/05/11 08:00,,2025/05/10 16:35
D5QU4,9.15,TORRES STRAIT,CAGAYAN DE ORO,PENAVICO (HONG KONG) LIMITED,"SHANGHAI, SH",RCVD,KC18,2025/05/10 15:30,CONTAINER,LIBERIA,2025/05/10 22:54,2025/05/10 22:00,,2025/05/10 16:51
9VCB4,7.3,XH DEEP COVER,HUIZHOUGANG,GRANDFAME SHIP MANAGEMENT LTD,NEWCASTLE,RCVD,SELA,2025/05/10 12:00,BULK/ WOODCHIP/ CEMENT/ ORE CARRIER,SINGAPORE,2025/05/11 01:58,2025/05/11 01:00,E,2025/05/10 17:10
VRBH9,9.3,SEASPAN SYDNEY,"NINGBO, ZJ",EVERGREEN MARINE (HONG KONG) LTD,"DALIAN, LN",,KC10,2025/05/10 16:00,CONTAINER,"HONG KONG, CHINA",2025/05/11 01:25,,,2025/05/10 17:23
9V6499,10.2,WAN HAI 328,SINGAPORE,HYALINE SHIPPING (HK) CO LTD,TOKYO,RCVD,KC8,2025/05/10 14:30,CONTAINER,SINGAPORE,2025/05/11 07:37,2025/05/11 07:00,,2025/05/10 17:33
3ELS,9,GREEN CLARITY,"ZHANJIANG, GD",EVERGREEN MARINE (HONG KONG) LTD,"SHEKOU, SHENZHEN",,WA3,2025/05/10 14:00,CONTAINER,PANAMA,2025/05/11 19:32,2025/05/11 12:00,,2025/05/10 17:43
3E7176,7.9,CHANG XIA,"NANTONG, JS",EVER WIN INTERNATIONAL SHIPPING CO. LIMITED,"OTHER, THAILAND",,SELA,,BULK/ WOODCHIP/ CEMENT/ ORE CARRIER,PANAMA,2025/05/08 22:12,,,2025/05/08 18:28
V7MK8,7.2,ARGONAUT,"ZHANJIANG, GD",INCHCAPE SHIPPING SERVICES (HK) LTD,"FUZHOU, MAWEI, FJ",,SWLA,,BULK/ WOODCHIP/ CEMENT/ ORE CARRIER,MARSHALL ISLANDS,2025/05/08 23:51,,,2025/05/08 18:42
3ECD5,10,INDIGO SW,"ZHUHAI, GD",WILHELMSEN PORT SERVICES (HONG KONG) LIMITED,OPEN SEA,,SWLA,,BULK/ WOODCHIP/ CEMENT/ ORE CARRIER,PANAMA,2025/05/09 04:23,,,2025/05/08 19:38
VRND5,6.4,HC SUNSHINE,"DONGGUAN, GD",SGS HONG KONG LIMITED,TANJUNG BARA,,SELA,,BULK/ WOODCHIP/ CEMENT/ ORE CARRIER,"HONG KONG, CHINA",2025/05/09 01:38,,,2025/05/08 19:59
V7ZA6,6.18,BLUE ARROW,HAIPHONG,SUN LORD CO LTD,NINGDE,,SLA,,CHEMICAL,MARSHALL ISLANDS,2025/05/09 01:43,,,2025/05/08 20:36
H3TK,11,TIAN LI,GUANGZHOU,UNKNOWN AGENT,GUANGZHOU,RCVD,SWLA,2025/05/17 16:00,BULK/ WOODCHIP/ CEMENT/ ORE CARRIER,PANAMA,2025/05/09 03:11,,,2025/05/08 20:41
BOFK7,8.8,YUAN HE WAN,GUANGZHOU,PENAVICO (HONG KONG) LIMITED,OPEN SEA,,SLA,,"TANKER (CRUDE,FUEL,DIESEL,LUB)",CHINA,2025/05/09 11:35,,,2025/05/08 20:49
BPIB9,5,DONG GUI 18,"ZHUHAI, GD",CONCORD MARINE LIMITED,"QINZHOU, GX",,SLA,,"TANKER (CRUDE,FUEL,DIESEL,LUB)",CHINA,2025/05/09 01:26,,,2025/05/08 21:09
D5CE4,7,SATURNUS,"ZHUHAI, GD","UNITRANS AGENCY HONG KONG CO., LIMITED",OPEN SEA,,SELA,,BULK/ WOODCHIP/ CEMENT/ ORE CARRIER,LIBERIA,2025/05/09 02:15,,,2025/05/08 21:52
BLFH4,7.3,XIN FENG HAI 8,MURORAN,CGW LOGISTICS CO LIMITED,MAPTAPHUT,,SELA,,BULK/ WOODCHIP/ CEMENT/ ORE CARRIER,CHINA,2025/05/09 03:54,,,2025/05/08 22:39
3E7170,7.6,BRIZO,"YANTAI, SD",CHINA RICH SHIPPING COMPANY LIMITED,OPEN SEA,,SLA,,LIQUIFIED PETROLEUM GAS TANKER,PANAMA,2025/05/09 15:22,,,2025/05/08 22:51
5LNY8,13.5,AOMARI ,SINGAPORE,TINEKEN SHIPPING LIMITED,GUANGZHOU,,SELA,,BULK/ WOODCHIP/ CEMENT/ ORE CARRIER,LIBERIA,2025/05/09 15:31,,,2025/05/08 23:26
VQUK5,7.5,EVER PRIMA,KAOHSIUNG,EVERGREEN MARINE (HONG KONG) LTD,KOTA KINABALU,,KC8,,CONTAINER,UNITED KINGDOM OF GREAT BRITAIN,2025/05/09 12:20,,,2025/05/08 23:44
5BEM4,8.42,NORDLEOPARD,"XIAMEN, FJ",PENAVICO (HONG KONG) LIMITED,"SHEKOU, SHENZHEN",,KC18,,CONTAINER,CYPRUS,2025/05/09 11:59,,,2025/05/08 23:54
V7A3235,6.3,YASA MAGNOLIA,"JIANGMEN, GD",BEN LINE AGENCIES (HK) LTD,"OTHER, VIETNAM",,SWLA,,BULK/ WOODCHIP/ CEMENT/ ORE CARRIER,MARSHALL ISLANDS,2025/05/09 12:19,,,2025/05/09 00:00
9V5307,9.5,INTERASIA ADVANCE,CAT LAI PORT,HYALINE SHIPPING (HK) CO LTD,"DALIAN, LN",,KC6,,CONTAINER,SINGAPORE,2025/05/09 13:24,,,2025/05/09 00:04
VRME6,12.4,OOCL BANGKOK,OPEN SEA,OOCL HONG KONG BRANCH,"YANTIAN, SHENZHEN",RCVD,KC14,2025/05/11 12:00,CONTAINER,"HONG KONG, CHINA",2025/05/09 17:22,,,2025/05/09 00:11
V7WD2,8.2,SINOKOR SUNRISE,CAMPHA,WELLS MARINE AGENCIES,ABBOT POINT,,SELA,,BULK/ WOODCHIP/ CEMENT/ ORE CARRIER,MARSHALL ISLANDS,2025/05/09 10:44,,,2025/05/09 00:19
V7A7428,7.7,TS SHENZHEN,KAOHSIUNG,T.S. LINES LIMITED,"SHEKOU, SHENZHEN",,WA3,,CONTAINER,MARSHALL ISLANDS,2025/05/09 15:23,,,2025/05/09 00:47
3E7225,6.4,GAS INFINITY,"DONGGUAN, GD",INCHCAPE SHIPPING SERVICES (HK) LTD,"OTHER, MALAYSIA",,SLA,,LIQUIFIED PETROLEUM GAS TANKER,PANAMA,2025/05/09 05:57,,,2025/05/09 01:17
9V5600,12.3,MAERSK HIDALGO,"SHANGHAI, SH",PENAVICO (HONG KONG) LIMITED,"YANTIAN, SHENZHEN",,KC18,,CONTAINER,SINGAPORE,2025/05/09 14:12,,,2025/05/09 01:36
3E6117,4.6,XIN RONG SHENG 19,"YANGJIANG, GD",MINDA SHIPPING (HONG KONG) LIMITED,"ZHANGJIAGANG, JS",,SWLA,,GENERAL / HEAVY LIFT CARGO,PANAMA,2025/05/09 06:24,,,2025/05/09 02:18
3E5997,9.9,BRIGHT SAKURA,KEELUNG,OCEAN NETWORK EXPRESS (EAST ASIA) LIMITED,PORT KLANG,,KC2,,CONTAINER,PANAMA,2025/05/09 22:27,,,2025/05/09 02:55
3E2143,9,HONG RUN 18,HAIPHONG,OCEAN BASE CO LTD,"DONGGUAN, GD",,PT,,MULTI-PURPOSE(SEMI CONT.),PANAMA,2025/05/09 08:48,,,2025/05/09 04:55
V7A6672,9,ASIAN LILY,"OTHER, VIETNAM",NS UNITED SHIPPING (HK) CO LIMITED,OPEN SEA,,SWLA,,GENERAL / HEAVY LIFT CARGO,MARSHALL ISLANDS,2025/05/09 09:13,,,2025/05/09 05:18
DYNB,9.1,HIBARINO,"OTHER, VIETNAM",VEROSA AGENCY LIMITED,OPEN SEA,,SELA,,GENERAL / HEAVY LIFT CARGO,PHILIPPINES,2025/05/09 10:41,,,2025/05/09 05:20
V7QP3,7.4,RADIANT REB,"LIANYUNGANG, JS",GRANDFAME SHIP MANAGEMENT LTD,"FANGCHENG, GX",,SELA,,GENERAL / HEAVY LIFT CARGO,MARSHALL ISLANDS,2025/05/09 14:37,,,2025/05/09 05:54
3EVX7,7.5,ASIAN FLOWER,"OTHER, JAPAN",NS UNITED SHIPPING (HK) CO LIMITED,MAPTAPHUT,,SELA,,GENERAL / HEAVY LIFT CARGO,PANAMA,2025/05/09 12:22,,,2025/05/09 06:15
BFHH,9,TIAN ZUO,"CHAOZHOU, GD",SHK AGENCY LIMITED,BALIKPAPAN,,SWLA,,BULK/ WOODCHIP/ CEMENT/ ORE CARRIER,CHINA,2025/05/09 12:13,,,2025/05/09 07:04
VRQQ3,9.5,KMTC TAIPEIS,"SHEKOU, SHENZHEN",KMTC (HK) CO LIMITED,"XIAMEN, FJ",,KC10,,CONTAINER,"HONG KONG, CHINA",2025/05/09 17:34,,,2025/05/09 07:29
9V2692,12.77,DIAMOND INDAH,YEOSU,INCHCAPE SHIPPING SERVICES (HK) LTD,JAKARTA,,SELA,,BULK/ WOODCHIP/ CEMENT/ ORE CARRIER,SINGAPORE,2025/05/09 20:21,,,2025/05/09 08:33
D5YE8,11.33,KMTC SHIMIZU,BUSAN,KMTC (HK) CO LIMITED,SINGAPORE,,KC11,,CONTAINER,LIBERIA,2025/05/09 18:58,,,2025/05/09 08:37
3EHB3,9.5,GRACE ZEPHYR,NAGOYA,IGOR SHIPPING AGENCIES LTD,LAEM CHABANG,,SWLA,,GENERAL / HEAVY LIFT CARGO,PANAMA,2025/05/09 14:53,,,2025/05/09 08:50
VRUL4,9.9,SITC YUNCHENG,PASIR GUDANG,SITC SHIPPING AGENCY (HK) COMPANY LIMITED,"SHEKOU, SHENZHEN",,KC6,,CONTAINER,"HONG KONG, CHINA",2025/05/09 21:55,,,2025/05/09 09:13
S9A3179,7,XIN HUA MAO 006,FUJIAN,SHK AGENCY LIMITED,MONROVIA,,SWLA,,BULK/ WOODCHIP/ CEMENT/ ORE CARRIER,SAO TOME & PRINCIPE,2025/05/09 17:02,,,2025/05/09 09:29
BH3521,3.2,SHUN TAI HENG NO.2,HSING TA KANG,ISM SHIPPING AGENT COMPANY,HSING TA KANG,,YMTA,2025/05/16 09:30,FISHING,"TAIWAN, CHINA",2025/05/09 21:06,,,2025/05/09 09:39
5BQC4,8.75,CAPE FORTIUS,KAOHSIUNG,OOCL HONG KONG BRANCH,MANILA,,KC10,,CONTAINER,CYPRUS,2025/05/10 01:05,,,2025/05/09 09:39
9V7800,8.3,EVER WIN,"SHANGHAI, SH",EVERGREEN MARINE (HONG KONG) LTD,"SHEKOU, SHENZHEN",RCVD,PSSA,2025/05/16 07:00,CONTAINER,SINGAPORE,2025/05/09 20:35,2025/05/16 15:00,WL,2025/05/09 09:43
V7IG8,12.2,TIANJIN BRIDGE,"XIAMEN, FJ",CMA CGM ASIA SHIPPING PTE. LTD.,"SHEKOU, SHENZHEN",,KC9,,CONTAINER,MARSHALL ISLANDS,2025/05/09 21:05,,,2025/05/09 09:58
VRID2,10,SHEN HAI,YANGSHAN,INCHCAPE SHIPPING SERVICES (HK) LTD,BINTULU,,SCCA,,LIQUIFIED NATURAL GAS TANKER,"HONG KONG, CHINA",2025/05/09 15:54,,,2025/05/09 10:23
3WBV9,12.55,VIMC BRAVE,PALEMBANG,VEROSA AGENCY LIMITED,OPEN SEA,,SELA,,BULK/ WOODCHIP/ CEMENT/ ORE CARRIER,VIETNAM,2025/05/09 14:20,,,2025/05/09 10:37
VRDX3,8.5,ZHEN HUA 25 ,"NANTONG, JS",YIU LIAN DOCKYARDS LTD,KAOHSIUNG,,SWLA,,OTHER,"HONG KONG, CHINA",2025/05/09 10:51,,,2025/05/09 10:42
3WKI9,5.5,HERON,"OTHER, PHILIPPINES",PENAVICO (HONG KONG) LIMITED,"ZHUHAI, GD",,SLA,,LIQUIFIED PETROLEUM GAS TANKER,VIETNAM,2025/05/09 17:49,,,2025/05/09 10:57
BPBY,11.2,XIN DAN DONG,"OTHER, VIETNAM",COSCO SHIPPING CONTAINER LINE AGENCIES LIMITED,"XINGANG, TIANJIN, TJ",RCVD,SELA,2025/05/16 08:00,CONTAINER,CHINA,2025/05/09 11:28,2025/05/16 23:00,S,2025/05/09 11:25
3E7679,7.5,XIN RONG SHENG 69,"OTHER, JAPAN",E & M AGENCY LIMITED,"OTHER, VIETNAM",,SWLA,,GENERAL / HEAVY LIFT CARGO,PANAMA,2025/05/09 16:16,,,2025/05/09 13:14
S9A3178,7,XIN HUA MAO 005,FUJIAN,SHK AGENCY LIMITED,MONROVIA,,SELA,,BULK/ WOODCHIP/ CEMENT/ ORE CARRIER,SAO TOME & PRINCIPE,2025/05/09 21:57,,,2025/05/09 13:27
V3LG3,6.2,FORTUNE RISE,"OTHER, VIETNAM",CGW LOGISTICS CO LIMITED,"QUANZHOU, FJ",,NWLA,,GENERAL / HEAVY LIFT CARGO,BELIZE,2025/05/09 16:49,,,2025/05/09 13:35
D7UN,11.1,KMTC NINGBO,SURABAYA,KMTC (HK) CO LIMITED,KWANGYANG,,KC10,,CONTAINER,REPUBLIC OF KOREA,2025/05/10 02:28,,,2025/05/09 14:10
3E4693,6.1,HELENA RISING,"OTHER, VIETNAM",CGW LOGISTICS CO LIMITED,ZHOUSHAN,,SWLA,,GENERAL / HEAVY LIFT CARGO,PANAMA,2025/05/09 16:34,,,2025/05/09 14:25
9V7590,8.4,WAN HAI 102,KAOHSIUNG,HYALINE SHIPPING (HK) CO LTD,"SHEKOU, SHENZHEN",,KC6,,CONTAINER,SINGAPORE,2025/05/10 04:58,,,2025/05/09 14:37
5LUD7,7.69,GLOBAL CROWN,HO CHI MINH CITY,INCHCAPE SHIPPING SERVICES (HK) LTD,SENDAI,,SWLA,,BULK/ WOODCHIP/ CEMENT/ ORE CARRIER,LIBERIA,2025/05/09 18:42,,,2025/05/09 14:43
3FWA7,6,RUN XIANG,"YANTIAN, SHENZHEN",S5 ASIA LIMITED,,,SLA,,LIQUIFIED PETROLEUM GAS TANKER,PANAMA,,,,2025/05/09 15:03
VRLG3,8.1,SITC FANGCHENG,"SHANGHAI, SH",SITC SHIPPING AGENCY (HK) COMPANY LIMITED,DANANG,,CMTY,,CONTAINER,"HONG KONG, CHINA",2025/05/10 00:52,,,2025/05/09 15:19
H9CF,13.3,EVER FAME,"YANTIAN, SHENZHEN",EVERGREEN MARINE (HONG KONG) LTD,SINGAPORE,,KC12,,CONTAINER,PANAMA,2025/05/10 05:23,,,2025/05/09 15:39
3ETC7,6.9,EVER CHEER,TAICHUNG,EVERGREEN MARINE (HONG KONG) LTD,KAOHSIUNG,,KC8,,CONTAINER,PANAMA,2025/05/10 05:56,,,2025/05/09 16:34
HSB7142,8.3,SEA WISDOM,KAKOGAWA,MOL HONG KONG LIMITED,"SHEKOU, SHENZHEN",,SELA,,GENERAL / HEAVY LIFT CARGO,THAILAND,2025/05/10 05:02,,,2025/05/09 17:43
D5JM4,,IVESTOS II,,OCEANUS MARITIME COMPANY LIMITED,OPEN SEA,,SWLA,,BULK/ WOODCHIP/ CEMENT/ ORE CARRIER,LIBERIA,2025/05/15 18:40,2025/05/11 15:43,YLD,
3EKU8,,SPRING QUEEN,,NS UNITED SHIPPING (HK) CO LIMITED,SINGAPORE,,SELA,,BULK/ WOODCHIP/ CEMENT/ ORE CARRIER,PANAMA,2025/05/12 22:48,2025/05/12 20:00,CCM,
BOEM,,DA DE,,PENAVICO (HONG KONG) LIMITED,SUEZ,,YLD,,GENERAL / HEAVY LIFT CARGO,CHINA,2025/05/13 14:11,,,
9HA3146,,DENSA HAWK,,SK SHIPPING LIMITED,TOWNSVILLE,,PSSA,,BULK/ WOODCHIP/ CEMENT/ ORE CARRIER,MALTA,2025/05/11 19:09,,,
BG3675,,HAI JI LI,,ISM SHIPPING AGENT COMPANY,KAOHSIUNG,,CSWFM,,FISHING,"TAIWAN, CHINA",2025/05/12 10:50,,,
9WTO8,,HARBOUR STAR,,HARBOUR-LINK LINES LIMITED ,KUCHING,,CMTY,,CONTAINER,MALAYSIA,2025/05/11 05:31,2025/05/11 04:00,SELA,
9V6732,,ARAUCARIA,,OCEAN BASE CO LTD,OPEN SEA,,SELA,,BULK/ WOODCHIP/ CEMENT/ ORE CARRIER,SINGAPORE,2025/05/11 11:25,2025/05/11 23:00,YLD,
BH3660,,SHENG YI FA NO.168,,ISM SHIPPING AGENT COMPANY,KAOHSIUNG,,EQA,,FISHING,"TAIWAN, CHINA",2025/05/11 11:42,,,
VRGQ7,,JIA DA,,WILHELMSEN PORT SERVICES (HONG KONG) LIMITED,BALIKPAPAN,,SWLA,,BULK/ WOODCHIP/ CEMENT/ ORE CARRIER,"HONG KONG, CHINA",2025/05/11 16:57,2025/05/12 14:21,HKE,
3X2095,,VIEW,,OCEANUS MARITIME COMPANY LIMITED,OPEN SEA,,SLA,,"TANKER (CRUDE,FUEL,DIESEL,LUB)",GUINEA,2025/05/09 18:03,,,
D7CV,,ROYAL SAMBU ,,MARITIME TRANSPORT AGENCY (HONG KONG) LIMITED,KOBE,,SHELL,,"TANKER (CRUDE,FUEL,DIESEL,LUB)",REPUBLIC OF KOREA,2025/05/09 19:56,,,
D5WB6,,IVESTOS 3,,"UNITRANS AGENCY HONG KONG CO., LIMITED",OPEN SEA,,SELA,,BULK/ WOODCHIP/ CEMENT/ ORE CARRIER,LIBERIA,2025/05/08 18:24,,,
3E2163,,MINH ANH 09,,EVER WIN INTERNATIONAL SHIPPING CO. LIMITED,HAIPHONG,,WA1,,GENERAL / HEAVY LIFT CARGO,PANAMA,2025/05/08 18:35,,,
C6YY8,,OPTIMA,,SINOTRANS (HK) SHIPPING LTD,"SHEKOU, SHENZHEN",,SELA,,CONTAINER,BAHAMAS,2025/05/08 19:54,,,
9V7835,,KOTA CANTIK,"NANSHA, PANYU",PACIFIC INTERNATIONAL LINES (HK) LTD,NAN SHA,RCVD,SELA,2025/05/10 08:00,CONTAINER,SINGAPORE,2025/05/08 20:31,,,
3E2051,,TIAN EN 6,,"UNITRANS AGENCY HONG KONG CO., LIMITED",OPEN SEA,,SELA,,GENERAL / HEAVY LIFT CARGO,PANAMA,2025/05/08 21:41,,,
VRML8,,COSCO ENGLAND,,COSCO SHIPPING CONTAINER LINE AGENCIES LIMITED,"SHANGHAI, SH",,KC14,,CONTAINER,"HONG KONG, CHINA",2025/05/08 22:02,,,
VRVE9,,SITC MINHE,,SITC SHIPPING AGENCY (HK) COMPANY LIMITED,HAIPHONG,,KC3,,CONTAINER,"HONG KONG, CHINA",2025/05/08 22:03,,,
A8IF2,,MONACO,,SINOTRANS (HK) SHIPPING LTD,BRISBANE,,KC17,,CONTAINER,LIBERIA,2025/05/08 22:30,,,
3E3567,,TOYO SHINE,,WILHELMSEN PORT SERVICES (HONG KONG) LIMITED,OPEN SEA,,SWLA,,GENERAL / HEAVY LIFT CARGO,PANAMA,2025/05/08 22:32,,,
VRNO2,,GREAT TRIUMPH,,"UNITRANS AGENCY HONG KONG CO., LIMITED",OPEN SEA,,SWLA,,BULK/ WOODCHIP/ CEMENT/ ORE CARRIER,"HONG KONG, CHINA",2025/05/08 22:40,,,
9HA6212,,KUO LIN,"SHEKOU, SHENZHEN",CMA CGM ASIA SHIPPING PTE. LTD.,"SHEKOU, SHENZHEN",RCVD,KC10,2025/05/10 09:30,CONTAINER,MALTA,2025/05/08 23:28,,,
S9Z21,,YUAN CHEN 7,,"ZHONGXIN INTERNATIONAL GROUP CO., LIMITED","SHEKOU, SHENZHEN",,SWLA,,GENERAL / HEAVY LIFT CARGO,SAO TOME & PRINCIPE,2025/05/08 23:53,,,
OZJF2,,MAERSK LABERINTO,,PENAVICO (HONG KONG) LIMITED,"YANTIAN, SHENZHEN",,KC18,,CONTAINER,DENMARK,2025/05/08 23:59,,,
D5CD2,,CALI,,MEDITERRANEAN SHIPPING COMPANY (HONG KONG) LIMITED,"DALIAN, LN",,KC2,,CONTAINER,LIBERIA,2025/05/09 00:50,,,
VRUF9,,DYNA FORTUNE,,WALLEM SHIPPING (HK) LTD,"CAILAN, VIETNAM",,SELA,,BULK/ WOODCHIP/ CEMENT/ ORE CARRIER,"HONG KONG, CHINA",2025/05/09 01:53,,,
BKLO,,EVER BEING,,EVERGREEN MARINE (HONG KONG) LTD,"SHEKOU, SHENZHEN",,WA3,,CONTAINER,"TAIWAN, CHINA",2025/05/09 04:30,,,
9V5431,,LT AMBER,,GULF AGENCY CO (HK) LTD,SINGAPORE,,SHELL,,"TANKER (CRUDE,FUEL,DIESEL,LUB)",SINGAPORE,2025/05/09 05:59,,,
9V9129,,INTERASIA TRANSFORM,"SHEKOU, SHENZHEN",HYALINE SHIPPING (HK) CO LTD,"SHEKOU, SHENZHEN",RCVD,KC10,2025/05/11 09:30,CONTAINER,SINGAPORE,2025/05/09 06:12,,,
V7IQ4,,STARSHIP TAURUS,,NAMSUNG SHIPPING HONG KONG LIMITED,"SHEKOU, SHENZHEN",,SWLA,,CONTAINER,MARSHALL ISLANDS,2025/05/09 06:16,,,
XVMQ7,,HAIAN BETA,,MEGATOP AGENCY LIMITED,HAIPHONG,,KC6,,CONTAINER,VIETNAM,2025/05/09 07:32,,,
VRHY7,,SEASPAN KYOTO,,OCEAN NETWORK EXPRESS (EAST ASIA) LIMITED,BRISBANE,,KC9,,CONTAINER,"HONG KONG, CHINA",2025/05/09 08:34,,,
BHBW,,CSE GLORY EXPRESS,,SK SHIPPING LIMITED,KAOHSIUNG,,PSSA,,BULK/ WOODCHIP/ CEMENT/ ORE CARRIER,"TAIWAN, CHINA",2025/05/09 15:03,,,
DSPO4,,JAEWON2,,GOTACK SHIPPING LIMITED,OPEN SEA,,WA1,,TUG,REPUBLIC OF KOREA,2025/05/09 15:31,,,
5LNG9,,ONE INSPIRATION,,OCEAN NETWORK EXPRESS (EAST ASIA) LIMITED,"SHANGHAI, SH",,KC5,,CONTAINER,LIBERIA,2025/05/09 17:15,,,
BURP,,CHANG HANG KAI TUO,,MARITIME TRANSPORT AGENCY (HONG KONG) LIMITED,SINGAPORE,,PAFF,,"TANKER (CRUDE,FUEL,DIESEL,LUB)",CHINA,2025/05/09 17:28,,,
D5HG4,,FALCON TRIUMPH,,SK SHIPPING LIMITED,"OTHER, THAILAND",,WA2,,BULK/ WOODCHIP/ CEMENT/ ORE CARRIER,LIBERIA,2025/05/09 18:01,,,
D5DG9,,HYUNDAI PREMIUM,SINGAPORE,HMM (HONG KONG) LIMITED,"SHANGHAI, SH",RCVD,,2025/05/16 06:30,CONTAINER,LIBERIA,,2025/05/16 17:30,PT,
BQLJ,,KUN JIE 01,"SHENZHEN, GD",UNKNOWN AGENT,,,,2025/05/16 07:00,OTHER,CHINA,,,,
3E5038,,SUNNY LILAC,"NANSHA, PANYU",KMTC (HK) CO LIMITED,,RCVD,,2025/05/16 08:00,CONTAINER,PANAMA,,,,
3WNW,,DONG BA,SAKAIDE,CGW LOGISTICS CO LIMITED,"OTHER, VIETNAM",RCVD,,2025/05/16 08:00,GENERAL / HEAVY LIFT CARGO,VIETNAM,,2025/05/16 14:00,,
9V2812,,GFS GISELLE,"NINGBO, ZJ",BRIGHT CAPITAL SHIPPING CO LIMITED,,RCVD,,2025/05/16 08:00,CONTAINER,SINGAPORE,,,,
D7AP,,WOORI SUN,DUNG QUAT,"UNITRANS AGENCY HONG KONG CO., LIMITED",OPEN SEA,RCVD,,2025/05/16 08:00,BULK/ WOODCHIP/ CEMENT/ ORE CARRIER,REPUBLIC OF KOREA,,2025/05/16 17:30,WL,
VRGO7,,OOCL JAKARTA,"NINGBO, ZJ",OOCL HONG KONG BRANCH,,RCVD,,2025/05/16 08:00,CONTAINER,"HONG KONG, CHINA",,,,
VRJT8,,COSCO EXCELLENCE,VUNGTAU,OOCL HONG KONG BRANCH,"YANTIAN, SHENZHEN",RCVD,,2025/05/16 08:30,CONTAINER,"HONG KONG, CHINA",,2025/05/17 08:30,,
V7UP3,,ONE MARVEL,"SHEKOU, SHENZHEN",OCEAN NETWORK EXPRESS (EAST ASIA) LIMITED,,RCVD,,2025/05/16 08:30,CONTAINER,MARSHALL ISLANDS,,,,
BLHE,,YM INAUGURATION,"SHEKOU, SHENZHEN",YANG MING LINE (HONG KONG) LTD,,RCVD,,2025/05/16 08:30,CONTAINER,"TAIWAN, CHINA",,,,
D7BH,,PEGASUS TERA,HAIPHONG,NAMSUNG SHIPPING HONG KONG LIMITED,,RCVD,,2025/05/16 09:00,CONTAINER,REPUBLIC OF KOREA,,,,
9V8396,,FOREVER DELIGHT,"QUANZHOU, FJ",MARITIME TRANSPORT AGENCY (HONG KONG) LIMITED,,RCVD,,2025/05/16 09:00,CHEMICAL,SINGAPORE,,,,
9V9804,,CHARLOTTE SCHULTE,"NINGBO, ZJ",HAPAG-LLOYD (CHINA) LTD,,RCVD,,2025/05/15 20:00,CONTAINER,SINGAPORE,,,,
V7HE8,,LEVIATHAN,"TABONEO, INDONESIA",KT SHIPPING COMPANY LIMITED,,RCVD,,2025/05/14 20:00,BULK/ WOODCHIP/ CEMENT/ ORE CARRIER,MARSHALL ISLANDS,,,,
VRVR2,,OOCL ZEEBRUGGE,"XIAMEN, FJ",OOCL HONG KONG BRANCH,,RCVD,,2025/05/15 13:30,CONTAINER,"HONG KONG, CHINA",,,,
5LLP2,,MUMBAI BRIDGE,"NINGBO, ZJ",KONG HING AGENCY LTD,,RCVD,,2025/05/15 08:00,CONTAINER,LIBERIA,,,,
V2HR4,,HELGOLAND,KAOHSIUNG,YANG MING LINE (HONG KONG) LTD,,RCVD,,2025/05/16 11:00,CONTAINER,ANTIGUA & BARBUDA,,,,
D5UC8,,TAMPA I,"NINGBO, ZJ",ZIM INTEGRATED SHIPPING AGENCIES (HK) LIMITED,,RCVD,,2025/05/16 11:00,CONTAINER,LIBERIA,,,,
D5WR5,,YM CONSTANCY,KEELUNG,YANG MING LINE (HONG KONG) LTD,CAT LAI PORT,RCVD,,2025/05/16 11:00,CONTAINER,LIBERIA,,2025/05/16 23:59,,
BOCO2,,XIN RONG HE,"OTHER, INDONESIA",SGS HONG KONG LIMITED,MAOMING,RCVD,,2025/05/16 08:00,BULK/ WOODCHIP/ CEMENT/ ORE CARRIER,CHINA,,2025/05/17 12:00,,
9M3070,,GUSTY,KAOHSIUNG,UNKNOWN AGENT,,,,2025/05/16 12:00,PLEASURE VESSEL/ YACHT,MALAYSIA,,,,
BOQI4,,XIN AO PU TUO HAO,"SHENZHEN, GD",TRANSIT AGENT,,RCVD,,2025/05/10 12:00,LIQUIFIED NATURAL GAS TANKER,CHINA,,,,
5LLO6,,MSC MAPUTO,"OTHER, MEXICO",MEDITERRANEAN SHIPPING COMPANY (HONG KONG) LIMITED,,RCVD,,2025/05/15 12:00,CONTAINER,LIBERIA,,,,
D7SG,,KMTC NHAVA SHEVA,"NINGBO, ZJ",KMTC (HK) CO LIMITED,,RCVD,,2025/05/16 13:00,CONTAINER,REPUBLIC OF KOREA,,,,
8719,,YING HAO JI TUAN,"SHENZHEN, GD",UNKNOWN AGENT,,,,2025/05/16 13:00,PLEASURE VESSEL/ YACHT,CHINA,,,,
9V7852,,WAN HAI 367,"ZHANJIANG, GD",HYALINE SHIPPING (HK) CO LTD,"NANSHAN, SHENZHEN",RCVD,,2025/05/16 13:30,CONTAINER,SINGAPORE,,2025/05/16 16:00,,
CQAW4,,NORDMOSEL,BRISBANE,"UNITRANS AGENCY HONG KONG CO., LIMITED",,RCVD,,2025/05/14 06:00,BULK/ WOODCHIP/ CEMENT/ ORE CARRIER,PORTUGAL,,,,
V7A7461,,TS PENANG,LAEM CHABANG,T.S. LINES LIMITED,,RCVD,,2025/05/15 15:00,CONTAINER,MARSHALL ISLANDS,,,,
OWUQ2,,MUNKEBO MAERSK,QINGDAO,TRANSIT AGENT,,RCVD,,2025/05/16 14:00,CONTAINER,DENMARK,,,,
VRUV4,,SITC ZHAOMING,PORT KLANG,SITC SHIPPING AGENCY (HK) COMPANY LIMITED,,RCVD,,2025/05/16 15:00,CONTAINER,"HONG KONG, CHINA",,,,
BSVX,,HAI YANG SHI YOU 301,"ZHUHAI, GD",TRANSIT AGENT,,RCVD,,2025/05/14 14:00,LIQUIFIED NATURAL GAS TANKER,CHINA,,,,
VROR6,,SITC KANTO,"WENZHOU, ZJ",SITC SHIPPING AGENCY (HK) COMPANY LIMITED,HO CHI MINH CITY,RCVD,,2025/05/16 15:00,CONTAINER,"HONG KONG, CHINA",,2025/05/16 19:00,,
9V6503,,WAN HAI 285,"NANSHA, PANYU",HYALINE SHIPPING (HK) CO LTD,,RCVD,,2025/05/16 16:00,CONTAINER,SINGAPORE,,,,
BHLT,,WAN HAI 272,KAOHSIUNG,HYALINE SHIPPING (HK) CO LTD,LAEM CHABANG,,,2025/05/16 16:00,CONTAINER,"TAIWAN, CHINA",,2025/05/17 09:00,,
5LOW7,,MSC MARIAGRAZIA ,"YANTIAN, SHENZHEN",MEDITERRANEAN SHIPPING COMPANY (HONG KONG) LIMITED,,RCVD,,2025/05/15 13:00,CONTAINER,LIBERIA,,,,
3EUA4,,GRACE PIONEER ,"NANSHAN, FJ",SITC SHIPPING AGENCY (HK) COMPANY LIMITED,,RCVD,,2025/05/16 16:00,CONTAINER,PANAMA,,,,
3E5816,,OCEANIC STAR,HUIZHOUGANG,SHK AGENCY LIMITED,BALIKPAPAN,RCVD,,2025/05/16 16:00,BULK/ WOODCHIP/ CEMENT/ ORE CARRIER,PANAMA,,2025/05/17 15:09,E,
FMPT,,CMA CGM GALAPAGOS,KAOHSIUNG,CMA CGM (HONG KONG) LIMITED,,RCVD,,2025/05/16 17:00,LNG POWERED VESSEL(NON-TANKER),FRANCE,,,,
9HYQ8,,MAJORCA,"TABONEO, INDONESIA",SGS HONG KONG LIMITED,"TAISHAN, GONGYI, GD",RCVD,,2025/05/16 17:00,BULK/ WOODCHIP/ CEMENT/ ORE CARRIER,MALTA,,2025/05/17 17:00,,
OYLZ2,,NAKSKOV MAERSK,KAOHSIUNG,SINOTRANS (HK) SHIPPING LTD,HAIPHONG,RCVD,,2025/05/16 17:30,CONTAINER,DENMARK,,2025/05/17 03:30,,
9HA4040,,COSCO HELLAS,KINGSTON,COSCO SHIPPING CONTAINER LINE AGENCIES LIMITED,,RCVD,,2025/05/15 06:00,CONTAINER,MALTA,,,,
3E7515,,JIANG XIA FU,KINUURA,CGW LOGISTICS CO LIMITED,,RCVD,,2025/05/16 18:00,GENERAL / HEAVY LIFT CARGO,PANAMA,,,,
3E6714,,FORTUNE PROGRESS,"NANSHA, PANYU",CGW LOGISTICS CO LIMITED,,RCVD,,2025/05/16 18:00,GENERAL / HEAVY LIFT CARGO,PANAMA,,,,
5LEJ3,,SOL HONGKONG,SUBIC BAY,SK SHIPPING LIMITED,,RCVD,,2025/05/16 18:00,GENERAL / HEAVY LIFT CARGO,LIBERIA,,,,
3E6703,,GAO XIN 6,CHANMAY,CGW LOGISTICS CO LIMITED,,RCVD,,2025/05/16 18:00,GENERAL / HEAVY LIFT CARGO,PANAMA,,,,
TJM5208,,MARIA 593,INCHEON,YIU LIAN DOCKYARDS LTD,INCHEON,RCVD,,2025/05/16 18:00,GENERAL / HEAVY LIFT CARGO,CAMEROON,,2025/05/16 08:00,S,
BRHW,,HAI XIN YOU 619,YANGPU,VASTON SHIPPING AGENCY LIMITED,,RCVD,,2025/05/16 18:00,"TANKER (CRUDE,FUEL,DIESEL,LUB)",CHINA,,,,
C5J424,,GAS VISION,QINGDAO,UNKNOWN AGENT,,RCVD,,2025/05/16 18:00,LIQUIFIED PETROLEUM GAS TANKER,GAMBIA,,,,
V7ZQ9,,ERASMUS LEO,BATANGAS,PENAVICO (HONG KONG) LIMITED,,RCVD,,2025/05/15 22:00,CONTAINER,MARSHALL ISLANDS,,,,
5LDM3,,MAERSK CAMDEN,SINGAPORE,TRANSIT AGENT,,RCVD,,2025/05/16 19:00,CONTAINER,LIBERIA,,,,
VRMT6,,CSCL SPRING,KAOHSIUNG,COSCO SHIPPING CONTAINER LINE AGENCIES LIMITED,,RCVD,,2025/05/16 19:00,CONTAINER,"HONG KONG, CHINA",,,,
D5IN6,,ATACAMA,SINGAPORE,PENAVICO (HONG KONG) LIMITED,,RCVD,,2025/05/16 19:30,CONTAINER,LIBERIA,,,,
9V2607,,ULTRA OCELOT ,GLADSTONE,SGS HONG KONG LIMITED,,RCVD,,2025/05/16 20:00,BULK/ WOODCHIP/ CEMENT/ ORE CARRIER,SINGAPORE,,,,
BLHI,,YM UNICORN,"NINGBO, ZJ",YANG MING LINE (HONG KONG) LTD,,RCVD,,2025/05/16 20:00,CONTAINER,"TAIWAN, CHINA",,,,
C4NK2,,PUSAN C,"NANSHA, PANYU",MEDITERRANEAN SHIPPING COMPANY (HONG KONG) LIMITED,"YANTIAN, GD",RCVD,,2025/05/16 20:00,CONTAINER,CYPRUS,,2025/05/17 16:00,W,
VRWF4,,CA MANILA,"XIAMEN, FJ",BEN LINE AGENCIES (HK) LTD,HAIPHONG,RCVD,,2025/05/16 21:00,CONTAINER,"HONG KONG, CHINA",,2025/05/17 02:32,,
9V6517,,WAN HAI 296,"SHANGHAI, SH",HYALINE SHIPPING (HK) CO LTD,"SHEKOU, SHENZHEN",RCVD,,2025/05/16 21:00,CONTAINER,SINGAPORE,,2025/05/17 08:00,,
5LLY5,,MSC VIVIENNE,"SHEKOU, SHENZHEN",MEDITERRANEAN SHIPPING COMPANY (HONG KONG) LIMITED,,RCVD,,2025/05/16 21:00,CONTAINER,LIBERIA,,,,
V7ZR2,,STARSHIP URSA,BUSAN,NAMSUNG SHIPPING HONG KONG LIMITED,HO CHI MINH CITY,RCVD,,2025/05/16 21:00,CONTAINER,MARSHALL ISLANDS,,2025/05/17 12:00,,
9V3760,,WAN HAI 521,"SHANGHAI, SH",HYALINE SHIPPING (HK) CO LTD,,RCVD,,2025/05/16 21:30,CONTAINER,SINGAPORE,,,,
V7HX6,,PANAGIOTIS,BONTANG,SGS HONG KONG LIMITED,,RCVD,,2025/05/16 22:00,BULK/ WOODCHIP/ CEMENT/ ORE CARRIER,MARSHALL ISLANDS,,,,
VRTD8,,FOREVER BRILLIANCY,PORT MORESBY,MARITIME TRANSPORT AGENCY (HONG KONG) LIMITED,,RCVD,,2025/05/16 22:00,"TANKER (CRUDE,FUEL,DIESEL,LUB)","HONG KONG, CHINA",,,,
9V6500,,WAN HAI 329,SINGAPORE,HYALINE SHIPPING (HK) CO LTD,,RCVD,,2025/05/16 22:00,CONTAINER,SINGAPORE,,,,
3E4695,,CRUX TWIN,KEELUNG,IGOR SHIPPING AGENCIES LTD,,RCVD,,2025/05/16 22:00,GENERAL / HEAVY LIFT CARGO,PANAMA,,,,
9HA6080,,CMA CGM GUILD,"NINGBO, ZJ",CMA CGM ASIA SHIPPING PTE. LTD.,,RCVD,,2025/05/16 23:00,CONTAINER,MALTA,,,,
BPDT,,SHI DAI 1,HUIZHOUGANG,PENAVICO (HONG KONG) LIMITED,,RCVD,,2025/05/16 23:00,BULK/ WOODCHIP/ CEMENT/ ORE CARRIER,CHINA,,,,
V7BY9,,GOLDEN CIRRUS,NEWCASTLE,TOTAL MARINE AGENCY LIMITED,,RCVD,,2025/05/16 23:00,BULK/ WOODCHIP/ CEMENT/ ORE CARRIER,MARSHALL ISLANDS,,,,
A8KN4,,LONDON STAR,SINGAPORE,VASTON SHIPPING AGENCY LIMITED,,RCVD,,2025/05/16 23:00,"TANKER (CRUDE,FUEL,DIESEL,LUB)",LIBERIA,,,,
D5WI8,,BOCHEM LUXEMBOURG,GUANGZHOU,S5 ASIA LIMITED,,RCVD,,2025/05/14 20:00,CHEMICAL,LIBERIA,,,,
3FIP2,,GOLDEN CENTURY,"OTHER, INDONESIA",WELLS MARINE AGENCIES,,RCVD,,2025/05/16 23:30,BULK/ WOODCHIP/ CEMENT/ ORE CARRIER,PANAMA,,,,
3FQW5,,CHEMOCEAN ORION,"FANGCHENG, GX",CONCORD MARINE LIMITED,"OTHER, CHILE",RCVD,,2025/05/17 00:00,CHEMICAL,PANAMA,,2025/05/17 12:00,,
3E7483,,OCEANA ROSE,HONGAI,WILHELMSEN PORT SERVICES (HONG KONG) LIMITED,,RCVD,,2025/05/17 01:00,GENERAL / HEAVY LIFT CARGO,PANAMA,,,,
3ECW5,,HE YUAN,GUANGZHOU,SGS HONG KONG LIMITED,,RCVD,,2025/05/17 01:00,BULK/ WOODCHIP/ CEMENT/ ORE CARRIER,PANAMA,,,,
3FZZ8,,SOUTHERN LEADER,SINGAPORE,GULF AGENCY CO (HK) LTD,,RCVD,,2025/05/17 01:00,"TANKER (CRUDE,FUEL,DIESEL,LUB)",PANAMA,,,,
3E5349,,MARINA PROSPERITY ,"OTHER, VIETNAM",MARITIME TRANSPORT AGENCY (HONG KONG) LIMITED,,RCVD,,2025/05/17 01:00,CHEMICAL,PANAMA,,,,
3E2713,,XINTIAN 30,"BEIHAI, SHACHENG, GX",MINDA SHIPPING (HONG KONG) LIMITED,,RCVD,,2025/05/17 02:00,"TANKER (CRUDE,FUEL,DIESEL,LUB)",PANAMA,,,,
VRID5,,COSCO VIETNAM,"XIAMEN, FJ",COSCO SHIPPING CONTAINER LINE AGENCIES LIMITED,,RCVD,,2025/05/17 02:00,CONTAINER,"HONG KONG, CHINA",,,,
5LCT7,,EVER COMMAND,HO CHI MINH CITY,EVERGREEN MARINE (HONG KONG) LTD,,RCVD,,2025/05/17 03:00,CONTAINER,LIBERIA,,,,
3FHN5,,BROTHER 36,HAIPHONG,Y & W SHIPPING COMPANY LIMITED,,RCVD,,2025/05/17 05:00,GENERAL / HEAVY LIFT CARGO,PANAMA,,,,
9V7583,,WAN HAI 517,QINGDAO,HYALINE SHIPPING (HK) CO LTD,,RCVD,,2025/05/17 06:00,CONTAINER,SINGAPORE,,,,
BTJE3,,ZHUN XING 7,"OTHER, INDONESIA",MINDA SHIPPING (HONG KONG) LIMITED,,RCVD,,2025/05/17 06:00,BULK/ WOODCHIP/ CEMENT/ ORE CARRIER,CHINA,,,,
VRCX3,,BELAWAN,PENANG ISLAND,KMTC (HK) CO LIMITED,,RCVD,,2025/05/17 06:00,CONTAINER,"HONG KONG, CHINA",,,,
T2SG5,,KENYO,"OTHER, VIETNAM",PROSPERITY STEAMSHIP CO LTD,,RCVD,,2025/05/17 07:00,BULK/ WOODCHIP/ CEMENT/ ORE CARRIER,TUVALU,,,,
5LMI6,,XIANG TAI KOU,"JIANGYIN, JS",PENAVICO (HONG KONG) LIMITED,,RCVD,,2025/05/17 08:00,GENERAL / HEAVY LIFT CARGO,LIBERIA,,,,
A8AP2,,ZHEN HUA 36,"SHANGHAI, SH",YIU LIAN DOCKYARDS LTD,,RCVD,,2025/05/17 08:00,GENERAL / HEAVY LIFT CARGO,LIBERIA,,,,
5LGW8,,DEAR PANEL,LAEM CHABANG,OOCL HONG KONG BRANCH,,RCVD,,2025/05/17 10:00,CONTAINER,LIBERIA,,,,
VRNL8,,SEASPAN BREEZE,OAKLAND,OCEAN NETWORK EXPRESS (EAST ASIA) LIMITED,,RCVD,,2025/05/17 11:00,CONTAINER,"HONG KONG, CHINA",,,,
T8A4559,,HONG LI,KAOHSIUNG,OCEAN DRAGON AGENCY COMPANY LIMITED,,RCVD,,2025/05/17 12:00,GENERAL / HEAVY LIFT CARGO,REPUBLIC OF PALAU,,,,
OZUU2,,ADRIAN MAERSK ,"SHANGHAI, SH",TRANSIT AGENT,,RCVD,,2025/05/17 13:00,CONTAINER,DENMARK,,,,
D7GH,,HEUNG- A YOUNG,INCHEON,KONG HING AGENCY LTD,,RCVD,,2025/05/17 15:00,CONTAINER,REPUBLIC OF KOREA,,,,
3E6905,,FUNENG 1,SHIMIZU,CGW LOGISTICS CO LIMITED,,RCVD,,2025/05/17 17:00,BULK/ WOODCHIP/ CEMENT/ ORE CARRIER,PANAMA,,,,
S6AS8,,WAN HAI 502,"SHANGHAI, SH",HYALINE SHIPPING (HK) CO LTD,,RCVD,,2025/05/13 10:00,CONTAINER,SINGAPORE,,,,
VRNJ2,,SEASPAN BRAVO,"OTHER, VIETNAM",OCEAN NETWORK EXPRESS (EAST ASIA) LIMITED,,RCVD,,2025/05/14 13:00,CONTAINER,"HONG KONG, CHINA",,,,
9V7399,,WAN HAI A03,TAIPEI,HYALINE SHIPPING (HK) CO LTD,,RCVD,,2025/05/14 13:00,CONTAINER,SINGAPORE,,,,
VRVK6,,ZIM AQUAMARINE,"OTHER, TURKEY",ZIM INTEGRATED SHIPPING AGENCIES (HK) LIMITED,,RCVD,,2025/05/14 09:00,CONTAINER,"HONG KONG, CHINA",,,,
VRLI3,,SITC HOCHIMINH,"SHEKOU, SHENZHEN",SITC SHIPPING AGENCY (HK) COMPANY LIMITED,,RCVD,,2025/05/15 07:30,CONTAINER,"HONG KONG, CHINA",,,,
3FPV5,,MSC LENI,SINGAPORE,MEDITERRANEAN SHIPPING COMPANY (HONG KONG) LIMITED,,RCVD,,2025/05/15 10:00,CONTAINER,PANAMA,,,,
5LVA6,,MSC DOLETTE,YANGSHAN,MEDITERRANEAN SHIPPING COMPANY (HONG KONG) LIMITED,,RCVD,,2025/05/14 12:00,CONTAINER,LIBERIA,,,,
V7AZ4,,TS BANGKOK,"NANSHAN, SHENZHEN",T.S. LINES LIMITED,,RCVD,,2025/05/15 13:00,CONTAINER,MARSHALL ISLANDS,,,,
9HA5027,,CMA CGM GEORGIA,BUSAN,CMA CGM (HONG KONG) LIMITED,,RCVD,,2025/05/15 15:00,CONTAINER,MALTA,,,,
VRVP3,,GUSTAV MAERSK,"YANTIAN, SHENZHEN",TRANSIT AGENT,,RCVD,,2025/05/15 16:00,CONTAINER,"HONG KONG, CHINA",,,,
3E8629,,EAGLE SPRING ,"SHENZHEN, GD",CONCORD MARINE LIMITED,,RCVD,,2025/05/10 12:00,MULTI-PURPOSE(SEMI CONT.),PANAMA,,,,
9V2089,,MAERSK SAN VICENTE,VANCOUVER,PENAVICO (HONG KONG) LIMITED,,RCVD,,2025/05/15 20:00,CONTAINER,SINGAPORE,,,,
D5XC7,,YM TIPTOP,HAIPHONG,YANG MING LINE (HONG KONG) LTD,,RCVD,,2025/05/14 06:00,CONTAINER,LIBERIA,,,,
VRWW5,,XIN XIN HAI 2,GUANGZHOU,"UNITRANS AGENCY HONG KONG CO., LIMITED",,RCVD,,2025/05/15 22:00,MULTI-PURPOSE(SEMI CONT.),"HONG KONG, CHINA",,,,
9HA5008,,CMA CGM BENJAMIN FRANKLIN,"NINGBO, ZJ",CMA CGM (HONG KONG) LIMITED,,RCVD,,2025/05/15 22:00,CONTAINER,MALTA,,,,
3E4702,,MONT BLANC I ,"NINGBO, ZJ",GULF AGENCY CO (HK) LTD,,RCVD,,2025/05/15 23:00,"TANKER (CRUDE,FUEL,DIESEL,LUB)",PANAMA,,,,
9V6497,,WAN HAI 326,KAOHSIUNG,HYALINE SHIPPING (HK) CO LTD,"NANSHAN, SHENZHEN",RCVD,,2025/05/16 02:30,CONTAINER,SINGAPORE,,2025/05/16 15:00,WA,
HO3256,,KMTC NAGOYA,PUSAN,KMTC (HK) CO LIMITED,"SHEKOU, SHENZHEN",RCVD,,2025/05/16 05:00,CONTAINER,PANAMA,,2025/05/16 18:00,KC5,
9V9106,,SEACON OSLO,NEWCASTLE,WALLEM SHIPPING (HK) LTD,"OTHER, VIETNAM",RCVD,,2025/05/16 05:00,BULK/ WOODCHIP/ CEMENT/ ORE CARRIER,SINGAPORE,,2025/05/16 14:00,WL,
9HA6072,,CMA CGM VISBY,VUNGTAU,TRANSIT AGENT,,RCVD,,2025/05/14 07:00,CONTAINER,MALTA,,,,
OYYC2,,HENRY MAERSK ,SINGAPORE,EEI MARINE LIMITED,,RCVD,,2025/05/14 07:00,CHEMICAL,DENMARK,,,,
3ENE4,,MCC TOKYO,HO CHI MINH CITY,SINOTRANS (HK) SHIPPING LTD,,RCVD,,2025/05/14 07:00,CONTAINER,PANAMA,,,,
8649,,ZHONG XIN TUO 1,"YANTIAN, GD",UNKNOWN AGENT,,,,2025/05/12 09:30,TUG,CHINA,,,,
5LNO8,,WAN HAI 611,"FUZHOU, MAWEI, FJ",HYALINE SHIPPING (HK) CO LTD,,RCVD,,2025/05/14 07:30,CONTAINER,LIBERIA,,,,
VRUS7,,SITC XINGDE,LAEM CHABANG,SITC SHIPPING AGENCY (HK) COMPANY LIMITED,,RCVD,,2025/05/14 09:00,CONTAINER,"HONG KONG, CHINA",,,,
ZCDX2,,METHANE NILE EAGLE,"DAMPIER, AUSTRALIA",TRANSIT AGENT,,RCVD,,2025/05/13 10:00,LIQUIFIED NATURAL GAS TANKER,BERMUDA,,,,
V7A5227,,PRESTIGE,"NINGBO, ZJ",TRANSIT AGENT,,RCVD,,2025/05/14 14:00,CONTAINER,MARSHALL ISLANDS,,,,
D7WQ,,SM PORTLAND,BUSAN,"UNITRANS AGENCY HONG KONG CO., LIMITED",,RCVD,,2025/05/14 14:00,CONTAINER,REPUBLIC OF KOREA,,,,
5LLF5,,ZIM ARIES,HAIPHONG,TRANSIT AGENT,,RCVD,,2025/05/13 10:00,CONTAINER,LIBERIA,,,,
A8OS6,,YM ETERNITY,"SHANGHAI, SH",YANG MING LINE (HONG KONG) LTD,,RCVD,,2025/05/14 19:00,CONTAINER,LIBERIA,,,,
9V7859,,WAN HAI 370,"OTHER, VIETNAM",HYALINE SHIPPING (HK) CO LTD,,RCVD,,2025/05/15 01:00,CONTAINER,SINGAPORE,,,,
3EFF5,,EVER CHARM,PORT KLANG,EVERGREEN MARINE (HONG KONG) LTD,,RCVD,,2025/05/15 03:00,CONTAINER,PANAMA,,,,
BODJ5,,ZHONG XIN TUO 5,"SHEKOU, SHENZHEN",UNKNOWN AGENT,,,,2025/05/13 06:30,TUG,CHINA,,,,
A8VR3,,X-PRESS BARDSEY,"NINGBO, ZJ",BEN LINE AGENCIES (HK) LTD,,RCVD,,2025/05/12 14:00,CONTAINER,LIBERIA,,,,
3E2012,,EVER ALP,"YANTIAN, SHENZHEN",EVERGREEN MARINE (HONG KONG) LTD,,RCVD,,2025/05/13 07:00,CONTAINER,PANAMA,,,,
H9UW,,MAERSK ENSENADA,"NINGBO, ZJ",TRANSIT AGENT,,RCVD,,2025/05/12 15:00,CONTAINER,PANAMA,,,,
VRVJ5,,ZIM TOPAZ,"DACHAN, SHENZHEN",ZIM INTEGRATED SHIPPING AGENCIES (HK) LIMITED,,RCVD,,2025/05/10 13:30,CONTAINER,"HONG KONG, CHINA",,,,
2CWA7,, EAGLE HANOVER,BRISBANE,TINEKEN SHIPPING LIMITED,,RCVD,,2025/05/13 08:00,"TANKER (CRUDE,FUEL,DIESEL,LUB)",ISLE OF MAN,,,,
VRZK9,,OOCL HAMBURG,"XIAMEN, FJ",OOCL HONG KONG BRANCH,,RCVD,,2025/05/12 16:00,CONTAINER,"HONG KONG, CHINA",,,,
V7PC9,,THOMAS SELMER,"CHIWAN, SHENZHEN","UNITRANS AGENCY HONG KONG CO., LIMITED",,RCVD,,2025/05/13 09:30,BULK/ WOODCHIP/ CEMENT/ ORE CARRIER,MARSHALL ISLANDS,,,,
5LSY9,,MSC VIOLA,"NANSHA, PANYU",MEDITERRANEAN SHIPPING COMPANY (HONG KONG) LIMITED,,RCVD,,2025/05/13 10:00,CONTAINER,LIBERIA,,,,
9HA5189,,CMA CGM ALASKA,"NINGBO, ZJ",CMA CGM (HONG KONG) LIMITED,,RCVD,,2025/05/13 10:00,CONTAINER,MALTA,,,,
D7HU,,GRACE BRIDGE,"NINGBO, ZJ",KONG HING AGENCY LTD,,RCVD,,2025/05/13 01:00,CONTAINER,REPUBLIC OF KOREA,,,,
VRUY3,,ZIM MOUNT RAINIER,SAVANNAH,TRANSIT AGENT,,RCVD,,2025/05/12 08:00,CONTAINER,"HONG KONG, CHINA",,,,
3E4771,,HOANG ANH 03,"ZHUHAI, GD",Y & W SHIPPING COMPANY LIMITED,,RCVD,,2025/05/13 16:00,BULK/ WOODCHIP/ CEMENT/ ORE CARRIER,PANAMA,,,,
3EBC5,,MSC LUCY,"NINGBO, ZJ",MEDITERRANEAN SHIPPING COMPANY (HONG KONG) LIMITED,,RCVD,,2025/05/12 18:00,CONTAINER,PANAMA,,,,
VROH9,,YM WONDROUS,"NINGBO, ZJ",YANG MING LINE (HONG KONG) LTD,,RCVD,,2025/05/13 09:00,CONTAINER,"HONG KONG, CHINA",,,,
9VFX9,,KOTA LAMBANG,LAEM CHABANG,TRANSIT AGENT,,RCVD,,2025/05/13 18:00,CONTAINER,SINGAPORE,,,,
9HA5914,,INTERASIA AMPLIFY,"NINGBO, ZJ",HYALINE SHIPPING (HK) CO LTD,,RCVD,,2025/05/12 13:00,CONTAINER,MALTA,,,,
VRWH6,,CA SAIGON,"NANSHA, PANYU",BEN LINE AGENCIES (HK) LTD,,RCVD,,2025/05/13 21:00,CONTAINER,"HONG KONG, CHINA",,,,
D7HI,,HYUNDAI INTEGRAL,BUSAN,HMM (HONG KONG) LIMITED,,RCVD,,2025/05/13 13:00,CONTAINER,REPUBLIC OF KOREA,,,,
DSAC3,,SKY HOPE,HAIPHONG,"CK LINE (HONGKONG) CO., LIMITED",,RCVD,,2025/05/14 00:30,CONTAINER,REPUBLIC OF KOREA,,,,
9V9752,,YM CELEBRITY,LAEM CHABANG,YANG MING LINE (HONG KONG) LTD,,RCVD,,2025/05/14 16:00,CONTAINER,SINGAPORE,,,,
3WYN7,,GREEN PACIFIC,"NANSHA, PANYU",SITC SHIPPING AGENCY (HK) COMPANY LIMITED,,RCVD,,2025/05/11 10:00,CONTAINER,VIETNAM,,,,
VRFU9,,OOCL WASHINGTON,"NINGBO, ZJ",COSCO SHIPPING CONTAINER LINE AGENCIES LIMITED,,RCVD,,2025/05/11 08:00,CONTAINER,"HONG KONG, CHINA",,,,
H8RY,,MSC OLIVER,VUNGTAU,MEDITERRANEAN SHIPPING COMPANY (HONG KONG) LIMITED,,RCVD,,2025/05/12 07:00,CONTAINER,PANAMA,,,,
5LNU2,,SEA STAR 1,DANANG,MEDITERRANEAN SHIPPING COMPANY (HONG KONG) LIMITED,,RCVD,,2025/05/10 22:00,CONTAINER,LIBERIA,,,,
BPNU3,,ZHONG XIN TUO 6,"SHEKOU, SHENZHEN",UNKNOWN AGENT,,,,2025/05/12 08:00,TUG,CHINA,,,,
9V6512,,WAN HAI 292,YOKOHAMA,HYALINE SHIPPING (HK) CO LTD,,RCVD,,2025/05/11 13:00,CONTAINER,SINGAPORE,,,,
VRFT7,,DAPENG STAR,"DAMPIER, AUSTRALIA",TRANSIT AGENT,,RCVD,,2025/05/11 10:00,LIQUIFIED NATURAL GAS TANKER,"HONG KONG, CHINA",,,,
D5SI8,,MSC SYDNEY VI,"YANTIAN, GD",MEDITERRANEAN SHIPPING COMPANY (HONG KONG) LIMITED,,RCVD,,2025/05/12 14:00,CONTAINER,LIBERIA,,,,
5BRW6,,NORDBALTIC,HAIPHONG,PENAVICO (HONG KONG) LIMITED,,RCVD,,2025/05/11 14:00,CONTAINER,CYPRUS,,,,
9V5783,,WAN HAI 175,HAIPHONG,HYALINE SHIPPING (HK) CO LTD,,RCVD,,2025/05/10 12:00,CONTAINER,SINGAPORE,,,,
A8OS5,,YM EFFICIENCY,"NINGBO, ZJ",YANG MING LINE (HONG KONG) LTD,,RCVD,,2025/05/12 16:00,CONTAINER,LIBERIA,,,,
V7A5715,,TS HOCHIMINH,"SHEKOU, SHENZHEN",T.S. LINES LIMITED,,RCVD,,2025/05/12 16:30,CONTAINER,MARSHALL ISLANDS,,,,
VRWN5,,JNS FRIENDSHIP,"ZHANGJIAGANG, JS",TRANSIT AGENT,,RCVD,,2025/05/12 17:00,BULK/ WOODCHIP/ CEMENT/ ORE CARRIER,"HONG KONG, CHINA",,,,
3EZD3,,MSC KATRINA,LAEM CHABANG,MEDITERRANEAN SHIPPING COMPANY (HONG KONG) LIMITED,,RCVD,,2025/05/12 21:00,CONTAINER,PANAMA,,,,
D7HP,,HMM HOPE,"NINGBO, ZJ",TRANSIT AGENT,,RCVD,,2025/05/12 22:00,CONTAINER,REPUBLIC OF KOREA,,,,
VRWK3,,COSCO SHIPPING CHILE,"NINGBO, ZJ",COSCO SHIPPING CONTAINER LINE AGENCIES LIMITED,,RCVD,,2025/05/12 22:00,CONTAINER,"HONG KONG, CHINA",,,,
8519,,CHI GANG TUO 9,"NANSHAN, SHENZHEN",UNKNOWN AGENT,,,,2025/05/11 06:10,TUG,CHINA,,,,
VRVG2,,SITC SHUNDE,KUANTAN,SITC SHIPPING AGENCY (HK) COMPANY LIMITED,,RCVD,,2025/05/10 20:00,CONTAINER,"HONG KONG, CHINA",,,,
VROF8,,SITC SHANGHAI,DANANG,SITC SHIPPING AGENCY (HK) COMPANY LIMITED,,RCVD,,2025/05/10 17:00,CONTAINER,"HONG KONG, CHINA",,,,
BTWJ,,SHE GANG 5 HAO,"SHEKOU, SHENZHEN",UNKNOWN AGENT,,,,2025/05/10 07:30,TUG,CHINA,,,,
V7A5921,,TS SHEKOU,SURABAYA,T.S. LINES LIMITED,,RCVD,,2025/05/10 16:00,CONTAINER,MARSHALL ISLANDS,,,,
VRNQ5,,SITC FUJIAN,HO CHI MINH CITY,SITC SHIPPING AGENCY (HK) COMPANY LIMITED,,RCVD,,2025/05/11 10:00,CONTAINER,"HONG KONG, CHINA",,,,
FMPF,,CMA CGM SORBONNE,"NINGBO, ZJ",CMA CGM (HONG KONG) LIMITED,,RCVD,,2025/05/10 08:00,LNG POWERED VESSEL(NON-TANKER),FRANCE,,,,
D5TL3,,MSC JOSSELINE,"NINGBO, ZJ",MEDITERRANEAN SHIPPING COMPANY (HONG KONG) LIMITED,,RCVD,,2025/05/11 12:00,CONTAINER,LIBERIA,,,,
9HA5378,,VUKOVAR,YEOSU,EEI MARINE LIMITED,,RCVD,,2025/05/11 12:00,"TANKER (CRUDE,FUEL,DIESEL,LUB)",MALTA,,,,
VRWH3,,MILD ROSE,LAEM CHABANG,"UNITRANS AGENCY HONG KONG CO., LIMITED",,RCVD,,2025/05/10 11:00,CONTAINER,"HONG KONG, CHINA",,,,
9HA3492,,SAN PEDRO,"SHANGHAI, SH","UNITRANS AGENCY HONG KONG CO., LIMITED",,RCVD,,2025/05/11 17:00,CONTAINER,MALTA,,,,
5LAM6,,HMM DAON,KAOHSIUNG,HMM (HONG KONG) LIMITED,,RCVD,,2025/05/11 17:00,CONTAINER,LIBERIA,,,,
VRTN4,,MADRID EXPRESS,"NANSHA, PANYU",PENAVICO (HONG KONG) LIMITED,,RCVD,,2025/05/11 17:00,CONTAINER,"HONG KONG, CHINA",,,,
9LS2048,,MOSKVA,"OTHER, RUSSIAN",FESCO LINES HONG KONG LTD,,RCVD,,2025/05/11 19:00,CONTAINER,SIERRA LEONE,,,,
D7XC,,KMTC SEOUL,LAEM CHABANG,KMTC (HK) CO LIMITED,,RCVD,,2025/05/11 23:00,CONTAINER,REPUBLIC OF KOREA,,,,
VRHW6,,IAL 001,"SHEKOU, SHENZHEN",HYALINE SHIPPING (HK) CO LTD,,RCVD,,2025/05/10 06:30,CONTAINER,"HONG KONG, CHINA",,,,
V7A6462,,ANAXAGORAS,QINGDAO,TRANSIT AGENT,,RCVD,,2025/05/10 07:00,CONTAINER,MARSHALL ISLANDS,,,,
VRCS5,,XIN BEIJING,"SHEKOU, SHENZHEN",COSCO SHIPPING CONTAINER LINE AGENCIES LIMITED,,RCVD,,2025/05/10 07:30,CONTAINER,"HONG KONG, CHINA",,,,
9V8500,,WAN HAI 333,"OTHER, VIETNAM",OOCL HONG KONG BRANCH,,RCVD,,2025/05/10 08:00,CONTAINER,SINGAPORE,,,,
BPKC,,XIN MEI ZHOU,"XIAMEN, FJ",COSCO SHIPPING CONTAINER LINE AGENCIES LIMITED,,RCVD,,2025/05/10 08:00,CONTAINER,CHINA,,,,
3FZM6,,SEA OF LUCK,"SHEKOU, SHENZHEN",CMA CGM ASIA SHIPPING PTE. LTD.,,RCVD,,2025/05/10 08:00,CONTAINER,PANAMA,,,,
9V9750,,YM INCREMENT,"SHEKOU, SHENZHEN",YANG MING LINE (HONG KONG) LTD,,RCVD,,2025/05/10 08:30,CONTAINER,SINGAPORE,,,,
BHJG,,EVER ARM,"YANTIAN, SHENZHEN",EVERGREEN MARINE (HONG KONG) LTD,,RCVD,,2025/05/10 09:00,CONTAINER,"TAIWAN, CHINA",,,,
5BNY6,,MSC NEW JERSEY III,"SHEKOU, SHENZHEN",MEDITERRANEAN SHIPPING COMPANY (HONG KONG) LIMITED,,RCVD,,2025/05/10 09:30,CONTAINER,CYPRUS,,,,
9VJJ8,,WAN HAI 510,"SHEKOU, SHENZHEN",HYALINE SHIPPING (HK) CO LTD,,RCVD,,2025/05/10 09:30,CONTAINER,SINGAPORE,,,,
9HA4991,,ANL WANGARATTA,"NANSHA, PANYU",CMA CGM ASIA SHIPPING PTE. LTD.,,RCVD,,2025/05/10 10:00,CONTAINER,MALTA,,,,
9V7980,,EVER FRANK,"SHANGHAI, SH",EVERGREEN MARINE (HONG KONG) LTD,,RCVD,,2025/05/10 10:00,CONTAINER,SINGAPORE,,,,
BOQU3,,ZHONG XIN TUO 9,"SHEKOU, SHENZHEN",UNKNOWN AGENT,,,,2025/05/10 10:00,TUG,CHINA,,,,
V3WX8,,FENG DA,KAWASAKI,CONCORD MARINE LIMITED,,RCVD,,2025/05/10 11:00,GENERAL / HEAVY LIFT CARGO,BELIZE,,,,
VRVF5,,SITC YUANHE,HAIPHONG,SITC SHIPPING AGENCY (HK) COMPANY LIMITED,,RCVD,,2025/05/10 12:00,CONTAINER,"HONG KONG, CHINA",,,,
3FOV9,,A HOUOU,"NANSHA, PANYU",HYALINE SHIPPING (HK) CO LTD,,RCVD,,2025/05/10 12:00,CONTAINER,PANAMA,,,,
S6AS9,,WAN HAI 313,"NANSHA, PANYU",HYALINE SHIPPING (HK) CO LTD,,RCVD,,2025/05/10 14:00,CONTAINER,SINGAPORE,,,,
VSJG7,,EVER ELITE,"NINGBO, ZJ",EVERGREEN MARINE (HONG KONG) LTD,,RCVD,,2025/05/10 15:00,CONTAINER,UNITED KINGDOM OF GREAT BRITAIN,,,,
S6LT4,,APL ESPLANADE,VUNGTAU,CMA CGM (HONG KONG) LIMITED,,RCVD,,2025/05/10 15:00,CONTAINER,SINGAPORE,,,,
V7A5640,,TENDER SOUL,"NANSHA, PANYU",COSCO SHIPPING CONTAINER LINE AGENCIES LIMITED,,RCVD,,2025/05/10 18:00,CONTAINER,MARSHALL ISLANDS,,,,
5LGX8,,DALLAS EXPRESS,LAEM CHABANG,TRANSIT AGENT,,RCVD,,2025/05/10 18:00,CONTAINER,LIBERIA,,,,
9V6504,,WAN HAI 286,"SHEKOU, SHENZHEN",HYALINE SHIPPING (HK) CO LTD,,RCVD,,2025/05/10 18:30,CONTAINER,SINGAPORE,,,,
5LLR6,,NINGBO VOYAGER ,"NINGBO, ZJ",SINOKOR HONGKONG CO LIMITED,,RCVD,,2025/05/10 20:00,CONTAINER,LIBERIA,,,,
DFPG2,,CMA CGM ORFEO,PORT KELANG,CMA CGM (HONG KONG) LIMITED,,RCVD,,2025/05/10 20:12,CONTAINER,GERMANY,,,,
5LQE4,,MSC SIJING,"NANSHA, PANYU",MEDITERRANEAN SHIPPING COMPANY (HONG KONG) LIMITED,,RCVD,,2025/05/10 21:00,CONTAINER,LIBERIA,,,,
3FIA2,,MSC DANIELA,HAIPHONG,MEDITERRANEAN SHIPPING COMPANY (HONG KONG) LIMITED,,RCVD,,2025/05/11 00:01,CONTAINER,PANAMA,,,,
9V8085,,MAERSK VERACRUZ,"XIAMEN, FJ",TRANSIT AGENT,,RCVD,,2025/05/11 01:00,CONTAINER,SINGAPORE,,,,
